NUTS Region;1 - CO;1 - NO;1 - NO2;1 - O3;1 - PM10;1 - SO2;2 - Euro per inhabitant;2 - Euro per inhabitant in percentage of the EU27 (from 2020) average;2 - Million euro;2 - Million purchasing power standards (PPS, EU27 from 2020);2 - Million units of national currency;2 - Purchasing power standard (PPS, EU27 from 2020), per inhabitant;2 - Purchasing power standard (PPS, EU27 from 2020), per inhabitant in percentage of the EU27 (from 2020) average;3 - Acute myocardial infarction including subsequent myocardial infarction;3 - All causes of death (A00-Y89) excluding S00-T98;3 - Asthma and status asthmaticus;3 - Cerebrovascular diseases;3 - Chronic lower respiratory diseases;3 - Diabetes mellitus;3 - Malignant melanoma of skin;3 - Malignant neoplasm of breast;3 - Malignant neoplasm of colon, rectosigmoid junction, rectum, anus and anal canal;3 - Malignant neoplasm of trachea, bronchus and lung;3 - Mental and behavioural disorders (F00-F99);3 - Other ischaemic heart diseases;3 - Other mental and behavioural disorders (remainder of F00-F99)
Algarve;;2.0136714840267644;7.511390823940449;58.00473893255696;13.632518086484817;;18423.07692307692;67.84615384615384;8051.043846153847;9720.97846153846;8051.043846153847;22246.153846153848;82.15384615384616;93.341;1902.7796666666663;2.631333333333333;176.89466666666667;37.64666666666667;58.67966666666667;5.073666666666667;27.421;64.25066666666666;68.66466666666666;56.23466666666666;35.68866666666667;1.1916666666666669
Alsace;0.2715559038360623;12.960634926930249;23.000584370480983;52.0162784192593;17.2628078962765;;30069.23076923077;111.6923076923077;56542.02076923077;50745.52692307692;56542.02076923077;26969.23076923077;100.07692307692308;38.306333333333335;1617.3146666666669;2.033;98.96033333333334;35.44666666666667;37.604;4.3566666666666665;30.501;46.99333333333333;80.43566666666668;77.749;69.187;10.229333333333331
Arnsberg;;24.55627740140084;31.221447418835098;47.5199134497421;18.64844508709889;;31484.615384615383;116.23076923076924;113107.25307692308;104032.78461538462;113107.25307692308;28953.846153846152;106.84615384615384;91.696;2032.4323333333332;2.2786666666666666;119.684;83.845;40.440333333333335;5.779333333333333;38.16966666666666;57.06666666666667;104.199;104.83066666666669;136.503;2.553333333333333
Berlin;0.3176729201077732;13.385495988450089;25.365312086720063;45.693973802546765;18.921961392152323;1.2073695757770406;36053.84615384616;132.6153846153846;126428.35615384617;116194.58461538462;126428.35615384617;33146.153846153844;122.0;112.71833333333332;1846.9693333333332;1.508;100.29933333333334;83.97633333333333;58.48733333333334;5.0023333333333335;35.778;47.267;101.383;75.95866666666666;130.07033333333334;3.258666666666667
Bratislavský kraj;0.3175925034250174;;19.042966475315087;54.65224083613988;20.55912542847054;2.517614968003552;33046.153846153844;119.3076923076923;21299.698461538464;29937.654615384618;21718.546153846157;46623.07692307692;171.15384615384616;92.05066666666669;2242.4793333333337;0.9266666666666666;167.631;27.215333333333334;28.100666666666665;9.637666666666666;45.10033333333333;84.08300000000001;82.11166666666666;25.29733333333333;599.052;0.6308333333333334
Braunschweig;0.3026709908462351;8.90353184286545;17.69348790217181;52.55280420570028;13.617500645638524;0.2985897494949674;41900.0;153.76923076923077;66811.22846153846;61436.47307692308;66811.22846153846;38538.46153846154;141.3846153846154;103.03866666666666;1948.2673333333332;2.0966666666666667;123.96633333333334;77.76766666666667;51.68833333333334;5.221666666666667;34.414;51.495;88.66433333333333;106.447;208.879;4.3053333333333335
Bremen;0.2440162043659355;8.845000324913803;20.409317635002367;46.45767224248777;16.114138197939695;1.13869741316493;44623.07692307692;165.30769230769232;29838.445384615385;27449.053076923075;29838.445384615385;41053.84615384616;152.30769230769232;106.14166666666668;1917.908;1.7446666666666666;111.43866666666666;76.15466666666666;31.81;8.798;38.952666666666666;45.999;107.32966666666668;87.84466666666667;116.092;7.0343333333333335
Budapest;0.53053819257507;;27.49452011726872;43.73263706157677;24.965;4.5696185591113005;23992.30769230769;87.15384615384616;41775.12;67705.5476923077;12998025.845384616;38876.92307692308;141.92307692307693;112.69533333333334;2280.049666666667;0.9386666666666666;195.68166666666667;110.18866666666666;39.40833333333333;5.746;43.854;86.55266666666667;137.02;63.36266666666666;507.218;1.968
Canarias;0.3779315238424636;3.895915046965297;12.851272849613098;61.61411113773499;28.36362598470145;4.323678290213723;19100.0;71.53846153846153;40166.76076923077;43074.377692307695;40166.76076923077;20500.0;76.61538461538461;85.43900000000001;1621.0886666666668;3.7876666666666665;86.53866666666666;65.54333333333334;91.70533333333331;3.843333333333333;25.06433333333333;53.336;78.40633333333334;74.11166666666666;74.096;1.7979999999999998
Chemnitz;;12.116325966326878;18.21297586647733;52.5148784622259;14.317913854339542;;25184.615384615383;92.46153846153848;37099.15384615384;34123.52384615385;37099.15384615384;23161.53846153846;85.0;119.87533333333332;1967.4203333333328;1.9176666666666664;163.512;51.678666666666665;60.81166666666666;5.266333333333334;27.023666666666667;57.396;63.894666666666666;85.55300000000001;266.95300000000003;2.8713333333333333
Darmstadt;0.2805445558622337;17.121103292319457;27.465067917148847;47.77471239758639;15.557256309161607;0.868522657089671;47646.15384615384;176.84615384615384;185301.8676923077;170420.96538461538;185301.8676923077;43838.46153846154;162.76923076923077;89.33966666666667;1819.4476666666667;2.306;109.23933333333332;70.42033333333333;56.089333333333336;5.583;34.62733333333333;48.096;78.96900000000001;100.66966666666669;167.96866666666668;2.2060000000000004
Detmold;;11.775867498752604;20.77951625819451;47.674813103463045;17.08855238763206;;34353.84615384616;126.6923076923077;70309.35538461538;64654.124615384615;70309.35538461538;31600.0;116.3076923076923;86.10666666666665;1855.7033333333331;2.5170000000000003;125.163;74.76500000000001;40.00266666666666;5.580666666666668;34.373333333333335;53.55533333333334;82.02466666666666;89.06833333333334;139.6663333333333;2.8726666666666665
Dresden;;15.15704342799462;20.8982507556142;44.17042426967065;14.757876501229998;1.8179824676263296;27584.615384615383;101.15384615384616;44229.69;40674.21923076923;44229.69;25376.92307692308;93.07692307692308;121.23366666666666;1817.7446666666665;1.501;135.84766666666667;55.81266666666667;48.872;4.482333333333333;26.30433333333333;47.01033333333333;60.94466666666666;87.97033333333334;190.097;2.719666666666667
Freiburg;0.2422176070151121;16.76640756180926;22.287632689636865;56.41326883671855;12.536928655744571;;34846.153846153844;128.69230769230768;77131.05692307692;70930.39384615385;77131.05692307692;32053.846153846152;118.3846153846154;87.13266666666667;1771.354;2.7;130.407;58.54366666666667;54.900666666666666;5.280666666666666;34.305;48.351;63.85033333333333;106.36233333333332;130.11666666666667;5.15
Friuli-Venezia Giulia;0.4197985698159239;13.154235453989816;23.779419095905737;52.41373952551876;18.345782908851422;0.9731748165037136;29438.46153846154;109.46153846153848;35664.11076923077;35385.36692307692;35664.11076923077;29207.69230769231;108.6153846153846;70.94033333333333;1586.070333333333;0.7706666666666666;141.53833333333333;50.07966666666667;39.41;6.379;33.824666666666666;50.51366666666667;83.87433333333334;60.591;120.10533333333332;3.899333333333333
Gelderland;0.3094287749496643;7.142108420740059;20.11643220316229;50.17560293188965;21.03517906011769;;34192.307692307695;126.0;69727.92923076924;61425.0;69727.92923076924;30153.846153846152;111.53846153846152;65.17566666666667;1851.706;1.7373333333333332;128.601;89.266;36.472;7.786333333333333;32.672666666666665;59.882333333333335;108.83033333333331;161.403;48.40133333333333;5.5906666666666665
Gießen;0.3240427368417746;17.132456465612332;25.666134585668853;42.626983001855;14.533547396397934;0.918340679244112;31207.69230769231;115.3076923076923;32475.90307692308;29864.36076923077;32475.90307692308;28715.384615384617;105.92307692307692;110.11666666666666;1938.127;3.088;118.573;79.06066666666668;76.96700000000001;5.447333333333334;34.80833333333333;52.539;75.80766666666666;100.263;196.7673333333333;2.1446666666666667
Grad Zagreb;0.412673383000724;;27.852900991320045;43.206774948948826;25.479143439016383;2.2860922706871705;20276.92307692308;73.53846153846153;15648.813846153847;23937.043846153847;15575.755384615386;30984.615384615383;112.6923076923077;65.12666666666667;2458.733333333333;2.006666666666667;193.48;67.87666666666668;189.39666666666668;6.253333333333334;31.273333333333337;80.36333333333333;112.42;48.04999999999999;214.64;18.57
Groningen;;5.927934442996617;13.968458305628056;52.96533433520449;19.128118399513976;;41676.92307692308;155.53846153846155;24253.34153846154;21421.48769230769;24253.34153846154;36830.769230769234;137.69230769230768;78.90566666666668;1941.506666666667;1.7746666666666668;122.88433333333332;94.63466666666666;42.522666666666666;8.364;32.611666666666665;60.688;125.384;167.29233333333335;52.534;4.8726666666666665
Hamburg;0.3280460908285186;14.686789565312129;26.475072882948496;47.596296549644194;16.642169203923313;3.4517808057182666;59861.53846153846;222.07692307692307;106570.04461538464;98010.44615384616;106570.04461538464;55084.61538461538;204.30769230769232;90.62033333333332;1839.5396666666668;2.5396666666666667;107.412;63.28866666666667;32.00266666666667;5.032333333333333;37.51766666666666;47.24166666666667;106.122;97.79066666666668;145.659;3.642333333333333
Hannover;0.3683189860640631;29.59692629034773;29.88520636490223;;14.410695696168297;;34915.38461538462;129.0;74326.99153846155;68357.70461538462;74326.99153846155;32107.69230769231;118.76923076923076;102.471;1915.3303333333336;2.052666666666666;125.21766666666667;74.29133333333333;45.919;5.816;35.40233333333333;51.469;86.76966666666667;118.78433333333334;194.76966666666667;4.577666666666667
Karlsruhe;0.2482573571800141;14.929095170192666;24.37618881480048;50.37604141411231;15.149430413846565;;40438.46153846154;149.3846153846154;110946.45692307693;102041.5053846154;110946.45692307693;37192.307692307695;137.3846153846154;117.29033333333334;1831.6446666666668;2.517333333333333;132.912;61.88066666666667;53.43066666666667;5.057333333333333;36.095;47.04533333333333;74.57166666666667;114.20133333333334;154.81933333333333;5.654666666666667
Kassel;0.3069663504723585;14.36978963847856;23.689523259862348;47.69658685325398;16.24765048187014;0.8731801898185134;33023.07692307692;121.76923076923076;40194.72538461538;36968.33461538461;40194.72538461538;30369.23076923077;112.15384615384616;98.82066666666668;1931.875;2.252666666666667;114.53733333333334;80.502;77.713;5.761;32.553000000000004;48.134;75.51066666666667;98.24033333333334;185.331;2.178
Koblenz;0.2352318319183297;16.333868355835204;30.21209896411407;40.679039497861815;15.15440725249033;1.07278550344596;30138.46153846154;111.23076923076924;45003.13846153847;41381.76538461538;45003.13846153847;27723.07692307692;102.15384615384616;114.84833333333331;1963.646;1.8613333333333333;132.62566666666666;80.846;57.699666666666666;5.603666666666666;34.63;54.12033333333333;91.12766666666668;103.241;201.871;4.152666666666667
Kärnten;0.2847207898333926;10.126376063462798;20.495891136781488;41.69829233434908;16.81105189967626;1.0649789580110274;33161.53846153846;122.0;18554.636923076923;16596.05076923077;18554.636923076923;29661.53846153846;109.46153846153848;106.85433333333334;1771.1173333333331;1.267;129.20833333333334;65.337;70.413;6.641666666666667;27.290333333333333;39.25466666666667;76.29866666666666;38.92933333333334;177.821;0.6266666666666667
Köln;;11.358775989736731;22.12435320657381;50.35180441623016;14.16880928188737;;38507.69230769231;142.46153846153845;168977.72461538462;155400.67384615383;168977.72461538462;35407.692307692305;131.0;93.804;1916.893;1.9696666666666665;121.723;80.22266666666665;35.85966666666666;5.784666666666666;36.138000000000005;50.95666666666667;101.67866666666669;93.721;147.264;3.0540000000000003
La Rioja;0.3369272363935612;6.445984421384467;14.65487221186922;47.9671645301623;20.690154238375097;3.2141906832536145;24930.76923076923;92.53846153846152;7771.829230769231;8332.166923076922;7771.829230769231;26723.07692307692;99.07692307692308;56.434333333333335;1506.4733333333331;2.341333333333333;109.758;49.39966666666667;32.87533333333333;2.8233333333333333;19.930666666666664;63.71533333333333;70.82666666666667;79.45366666666668;54.906333333333336;2.756
Leipzig;;15.267904053255291;22.47775032100505;46.915416539497386;15.546191982930353;1.7674200749611115;29107.69230769231;106.84615384615384;29569.15307692308;27187.61923076923;29569.15307692308;26776.92307692308;98.3076923076923;132.207;1898.7943333333333;1.764;140.05900000000003;66.47633333333333;51.715;5.036333333333333;28.02533333333333;48.527;75.42133333333332;82.704;229.7543333333333;2.155333333333333
Liguria;0.6002581673524355;;18.098670376172937;64.10167758588821;17.938865203662626;3.89561693457896;29761.53846153846;110.76923076923076;46350.725384615376;45973.087692307694;46350.725384615376;29523.07692307692;109.84615384615384;56.406;1650.826;1.1503333333333332;151.111;58.132333333333335;50.95366666666666;5.121666666666667;31.008666666666667;52.427;87.484;55.428333333333335;113.66533333333334;5.041
Limburg (NL);;5.231943257041305;15.271429473893027;54.563937467026136;15.754112578207463;;35161.53846153846;129.46153846153845;39403.37846153846;34717.24461538462;39403.37846153846;30969.23076923077;114.3846153846154;71.63533333333334;1875.025666666667;1.432;130.44466666666668;89.71733333333333;32.005;6.694;31.746666666666663;57.045;119.61066666666667;170.02266666666668;50.806;3.69
Luxembourg;0.2116216216216113;9.7999462527907;22.742917708115925;49.55691295665453;17.73144570663803;1.95788748048751;90361.53846153848;331.38461538461536;51628.59307692308;41512.04;51628.59307692308;72892.30769230769;268.2307692307692;68.03266666666666;1723.688666666667;2.335;111.81666666666666;74.34166666666667;33.214666666666666;5.307666666666667;35.846333333333334;49.78866666666666;85.99166666666666;99.44066666666666;76.17466666666667;5.024666666666667
Malta;0.3177322467264316;15.4171661776734;24.30176113478616;62.512136806792064;34.53852602306852;0.5900428387750557;21279.48717948718;77.2051282051282;9850.421282051282;11871.850256410256;9831.072051282052;25776.92307692308;94.17948717948718;196.56966666666668;1770.8380000000002;3.516;150.909;47.164;74.404;4.273333333333333;34.14233333333333;54.472;72.85533333333333;107.65666666666668;192.3753333333333;1.879629629629629
Marche;0.6859384124023504;;20.95836219232618;48.37822290015718;23.12901644219436;3.849223065360104;25930.76923076923;96.53846153846152;39493.35;39175.06615384615;39493.35;25707.69230769231;95.76923076923076;54.66033333333333;1540.4083333333333;1.0736666666666668;143.49433333333334;54.38966666666667;43.63533333333333;4.472666666666667;25.999333333333333;49.22266666666667;72.87566666666666;57.26366666666667;141.26666666666668;2.5493333333333337
Mittelfranken;;4.499333564906821;14.36769175076432;44.64132264351362;16.155190923778935;;40307.69230769231;148.23076923076923;69852.13615384615;64231.68076923077;69852.13615384615;37076.92307692308;136.3846153846154;113.694;1939.9633333333331;2.470666666666667;138.371;76.45733333333332;54.20333333333333;5.821;34.26166666666666;51.33533333333333;69.81633333333333;105.338;172.25366666666665;1.9813333333333327
Molise;;7.245554513179396;17.139802302357594;55.68320508592009;15.6;3.5625274715289312;20238.46153846154;75.6923076923077;6251.196153846154;6200.422307692308;6251.196153846154;20076.92307692308;74.92307692307692;62.52733333333334;1607.998;0.9479166666666666;160.02266666666668;60.484;60.049;4.499666666666667;21.05033333333333;43.766;57.20966666666666;39.056666666666665;162.42466666666667;3.416333333333333
Moravskoslezsko;0.3674492299062626;5.755051700846328;17.074978812889174;50.44869353377003;21.73316050814181;6.639260363547752;13176.923076923076;47.92307692307692;16034.962307692307;23455.992307692308;427146.2838461539;19261.53846153846;70.46153846153847;116.47366666666667;2493.067666666667;4.188;198.29866666666663;71.85066666666667;95.42;6.323666666666667;30.519;69.44066666666666;90.02966666666666;30.826;574.277;0.9743333333333334
Münster;;18.47984202322169;26.695806784263443;;23.39871389787887;;30376.92307692308;112.15384615384616;79129.79000000001;72774.67461538462;79129.79000000001;27953.846153846152;103.0;89.364;1942.025;2.283666666666667;117.254;83.536;37.217;5.275;38.16;56.837;101.589;99.29;135.15833333333333;2.8526666666666665
Noord-Brabant;;7.644136601075629;19.741960876432444;49.020283025793965;17.708156477445574;;40792.307692307695;150.15384615384616;102060.14307692306;89884.83230769231;102060.14307692306;35946.153846153844;132.69230769230768;65.05833333333334;1873.7216666666668;1.247;130.564;90.96866666666666;33.187666666666665;7.192666666666667;31.327666666666666;60.27033333333334;121.13033333333333;167.11566666666667;46.56166666666666;4.5280000000000005
Noord-Holland;0.3506645420480769;8.596723647336015;22.111767722517943;48.34675803183331;17.187567893194515;0.2808451678189573;52623.07692307692;193.84615384615384;146071.66999999998;128613.20615384614;146071.66999999998;46369.230769230766;171.46153846153845;66.714;1825.402;1.4446666666666668;121.35033333333334;80.44966666666667;36.63733333333334;8.535333333333334;33.14566666666666;59.016333333333336;107.896;136.55766666666665;43.47533333333333;6.919
Nordjylland;0.1904812324245017;7.311857283431329;13.253374849288443;58.94630988149835;;0.8709559337044321;39876.92307692308;147.53846153846155;23315.776923076923;17151.18076923077;173721.64692307694;29338.46153846154;108.3076923076923;72.14033333333333;1926.761;2.0146666666666664;130.248;144.97866666666667;47.04466666666666;8.422333333333333;34.74466666666667;60.795;120.87466666666668;124.74366666666668;80.69066666666666;5.494666666666666
Nordwestschweiz;;11.316318513036322;23.611860865932226;50.41785420117463;14.215779771674162;0.9821914713573048;76520.0;269.8;83410.84285714287;54371.56285714286;95858.47;49460.0;174.6;53.33133333333333;1580.7233333333331;2.094;85.66799999999999;47.30566666666667;29.06;7.153666666666667;30.48133333333333;40.18933333333334;72.041;139.41933333333333;127.887;9.233333333333333
Oberfranken;;10.216259626460245;20.022763379544124;;15.231560691048283;;33746.153846153844;124.0;36000.07;33105.25;36000.07;31030.76923076923;114.0;129.002;2006.4523333333332;1.874;133.66166666666666;72.19333333333334;62.28766666666666;5.676666666666667;34.33133333333333;51.47133333333333;67.57566666666666;97.064;202.19666666666663;2.3063333333333333
Oberpfalz;0.3007471150966189;23.723437592205308;29.56030949853216;;17.653149494516338;;37669.230769230766;138.30769230769232;41180.78076923077;37869.77923076923;41180.78076923077;34638.46153846154;127.3076923076923;115.596;1995.548;2.3616666666666664;134.08633333333333;64.39466666666667;63.84466666666666;5.235333333333333;35.163;55.81066666666667;70.71966666666667;118.28333333333332;166.40533333333332;2.594666666666667
Opolskie;;2.8121608855255484;13.897800959133727;48.25952157809365;23.15818084962167;3.634094030945525;8738.461538461539;31.53846153846154;8718.825384615384;14769.93076923077;37130.24846153846;14769.23076923077;53.76923076923077;58.85133333333333;2285.018;2.862;178.52266666666668;24.512;58.717;5.713666666666667;29.913;67.70066666666666;91.164;2.280333333333333;183.7036666666667;0.6316666666666667
País Vasco;0.2348640098676609;8.510310727843653;20.36141393346746;46.47044395388766;16.451223281580635;5.503249202204816;29615.384615384617;109.46153846153848;64156.34307692308;68788.75461538462;64156.34307692308;31761.53846153846;117.6153846153846;37.065333333333335;1498.96;5.841333333333334;99.16633333333333;53.32533333333333;33.705666666666666;3.892;21.029;58.36033333333333;78.44266666666667;100.20266666666666;54.24733333333334;1.899
Prov. Hainaut;0.2212224437077877;;18.938677860623496;44.64779270633397;15.773411485994917;;23658.33333333333;85.08333333333333;31611.420833333334;28298.6525;31611.420833333334;21175.0;76.16666666666667;89.732;2124.1313333333333;3.087;122.46866666666666;93.40066666666668;35.38366666666666;4.206666666666667;38.477;55.839000000000006;100.97033333333334;68.94200000000001;75.86066666666667;7.644666666666667
Prov. Liège;0.2041165503969243;;16.65737774285196;49.66904591958125;14.476397262031943;2.589235459662289;26691.666666666668;95.66666666666669;29306.466666666664;26233.391666666663;29306.466666666664;23891.666666666668;85.83333333333333;84.82066666666667;2057.987;1.83;114.97;95.666;26.947666666666667;3.321333333333333;35.098;45.93866666666667;117.50133333333332;65.32466666666667;59.842;7.820333333333334
Prov. Namur;;;17.219476574366166;46.87431178228724;16.80771435715037;;25483.33333333333;91.66666666666669;12479.375;11170.571666666665;12479.375;22816.666666666668;81.91666666666667;76.782;2027.079;2.4070000000000005;115.668;93.108;28.766666666666666;5.024333333333333;34.57266666666667;50.537333333333336;110.412;64.42766666666667;73.56099999999999;7.329
Provincia Autonoma di Trento;0.677439652132468;;32.73801076739239;45.24092905015022;20.030261348005503;2.0815005707068703;36107.69230769231;134.46153846153845;19187.553846153845;19038.82692307692;19187.553846153845;35830.769230769234;133.3846153846154;61.773;1482.5873333333334;0.7529166666666667;100.38;43.236;37.22166666666667;5.190333333333333;29.920333333333332;45.672;74.18333333333334;55.50266666666666;125.174;5.649333333333333
Região Autónoma da Madeira (PT);0.1200847013189685;21.80416048877923;21.84691632129827;72.2295142457866;15.81935759134122;2.621576003322009;16900.0;62.46153846153846;4341.674615384615;5246.142307692308;4341.674615384615;20407.69230769231;75.61538461538461;76.79166666666667;2442.59;2.444666666666667;236.313;65.49666666666667;113.439;5.304666666666667;35.62;53.73033333333333;62.156;63.019666666666666;61.59666666666667;2.4886666666666666
Rheinhessen-Pfalz;0.2752164208954675;13.15429768282316;24.503267519388107;45.98653295279455;16.707322505524182;1.162071765476901;34507.692307692305;127.3076923076923;70005.55769230769;64377.38384615385;70005.55769230769;31723.07692307692;117.0;100.847;1913.4266666666667;2.5420000000000003;137.10866666666666;67.77833333333334;59.385;5.525;35.458333333333336;48.795;82.71233333333333;105.28966666666666;169.4923333333333;5.006666666666666
Région lémanique;0.2908225285759896;7.840169508446352;21.57566445824374;54.48978653813054;12.271381690204914;;69460.0;245.2;107419.14857142858;70034.9842857143;123508.61857142855;44920.0;158.6;38.792;1495.8;1.5563333333333331;80.95366666666668;48.46066666666666;21.436;5.433000000000001;28.834666666666667;38.60166666666667;74.61266666666667;100.194;75.514;9.987
Saarland;0.3709611218697931;10.802630392069831;19.73946020984497;47.71043044342679;13.681933127193808;1.8147364194614948;32853.84615384616;121.6153846153846;32828.38923076923;30206.830769230768;32828.38923076923;30215.384615384617;111.92307692307692;108.29633333333332;2046.8466666666668;2.3953333333333333;142.741;81.23333333333333;82.557;5.289;40.505;53.88433333333333;103.20933333333332;100.00333333333332;229.1673333333333;4.544
Salzburg;0.2533538683817266;5.707083384135947;21.244787899252422;50.49247334931952;13.405373668523472;1.7953810698714705;45984.61538461538;169.23076923076923;24977.6;22333.48384615385;24977.6;41138.46153846154;151.6153846153846;74.27933333333334;1656.6633333333334;1.479;122.30233333333334;63.23800000000001;48.416;7.531000000000001;28.730333333333338;36.85733333333334;64.07733333333333;57.266;173.60933333333332;0.91
Schwaben;0.2701335252882847;9.944492742264138;21.814550630992507;47.15079526149096;15.309237245783828;;35769.230769230766;131.84615384615384;65860.78230769231;60568.939230769225;65860.78230769231;32892.307692307695;121.3076923076923;102.91633333333333;1823.8853333333327;2.208;131.782;58.878;51.75333333333333;6.076333333333333;33.092666666666666;47.05;62.47;106.62533333333332;149.49566666666666;2.552333333333333
Severozápad;0.3861242194851907;10.92733373454974;19.656451414349124;51.96176821610374;20.13107302956364;5.532376707372983;11661.53846153846;42.69230769230769;13069.756923076922;19174.976923076923;348952.1561538462;17076.923076923078;62.84615384615385;111.31066666666668;2628.7453333333333;2.35;295.16866666666664;78.83633333333334;102.64066666666668;6.386;32.535999999999994;76.80933333333334;124.11766666666666;38.66633333333333;565.0120000000001;1.0356666666666667
Sostines regionas;0.3005049557093472;;17.12331698611327;42.05053113074969;25.086191974349347;7.988992302951516;18692.30769230769;66.61538461538461;15189.818461538463;23914.47923076923;15212.53;29415.384615384617;105.6153846153846;76.41533333333334;2474.0063333333333;2.0203333333333333;451.3376666666666;29.41433333333333;24.90533333333333;5.4303333333333335;28.60933333333333;57.7;64.86133333333333;16.602666666666668;811.1569999999999;0.6493333333333333
Stockholm;0.4273972759284246;;16.10272973723071;55.97556394889342;14.369778087792984;0.3636363636363636;61661.53846153846;228.53846153846155;135826.45461538463;104223.64230769232;1302229.3030769231;47315.38461538462;175.23076923076923;83.34266666666666;1646.5233333333335;1.553;107.35033333333332;60.04866666666667;29.42733333333333;7.783666666666666;25.91166666666667;44.13;72.009;113.106;90.76866666666666;3.4266666666666667
Strední Morava;;4.7708305475972494;14.902625266885083;46.79782289400997;19.933430861083234;1.7889311933993353;13115.384615384615;47.38461538461539;15995.603076923077;23367.28846153846;425915.03;19161.53846153846;69.92307692307692;92.18466666666669;2311.826666666667;2.682333333333333;220.46266666666668;56.63133333333334;72.408;7.340666666666666;27.113;65.20833333333333;72.501;29.130666666666663;521.2413333333333;1.0133333333333332
Ticino;0.2927593455299767;7.2383808008575645;20.002353352880583;54.09726771876606;16.035262428005453;1.8332898507053923;75160.0;265.4;25480.44428571428;16608.444285714286;29285.562857142857;48600.0;171.4;52.17933333333334;1439.1556666666663;1.7683333333333335;87.859;45.403666666666666;16.950666666666667;6.863666666666666;30.790666666666667;38.16366666666667;81.04066666666667;90.98533333333332;115.78066666666668;13.820666666666666
Trier;0.2626373748162946;12.113203481522572;21.92290026052064;;14.749502290959288;1.0241156056213971;27746.153846153848;102.46153846153848;14600.877692307691;13428.725384615384;14600.877692307691;25530.76923076923;94.23076923076924;104.166;1898.7396666666668;1.7226666666666666;131.19866666666667;78.40566666666668;59.318333333333335;5.692333333333334;38.54966666666667;51.10733333333334;91.27766666666666;100.867;184.146;4.054333333333334
Tübingen;0.2979008073656259;18.34204666201834;24.392622915452687;45.97425422914982;15.23106822215827;;39076.92307692308;143.76923076923077;70978.99230769232;65269.99461538461;70978.99230769232;35946.153846153844;132.23076923076923;98.69033333333331;1757.5676666666666;2.888;130.855;58.330000000000005;54.83166666666667;5.113666666666666;32.211333333333336;44.31166666666666;60.39633333333333;96.06966666666668;132.76266666666666;5.231
Umbria;0.703890750778632;12.337148088598903;31.244788174822475;48.55849589542954;28.54062414004669;2.9996661640135813;24707.69230769231;92.46153846153848;21609.80923076923;21435.19384615385;21609.80923076923;24523.07692307692;91.6923076923077;58.91866666666667;1531.9216666666666;0.7496666666666666;151.25799999999998;57.949;45.56366666666667;4.5616666666666665;25.23933333333333;46.142;74.43599999999999;51.158;145.49866666666668;2.418333333333333
Unterfranken;0.2770238051421072;9.569260758480551;22.100180135102487;46.122924776068366;14.93736018966978;;36500.0;134.46153846153845;47853.00615384615;44015.18307692308;47853.00615384615;33569.230769230766;123.53846153846152;99.716;1864.877;2.333666666666667;128.63433333333333;60.00933333333333;60.04733333333333;5.356;32.50233333333333;48.18033333333334;61.879333333333335;99.89533333333334;169.14133333333334;2.8426666666666667
Utrecht;;6.064454633665913;18.97249510288612;46.70038797715441;16.42561668846612;;50769.230769230766;187.6153846153846;64296.224615384606;56627.46307692308;64296.224615384606;44761.53846153846;165.92307692307693;66.049;1783.8743333333334;1.4936666666666667;115.11333333333332;81.62033333333333;33.967666666666666;7.981666666666666;31.581333333333337;56.53566666666666;104.66333333333334;154.34466666666668;41.87533333333333;5.137666666666666
Zahodna Slovenija;0.3499690364380374;;21.456451511870007;41.058716084077375;20.76320939334638;3.0279304543721186;22892.30769230769;83.6923076923077;22193.86230769231;26958.681538461537;22069.34230769231;27838.46153846154;102.3076923076923;79.91583333333334;1721.607083333333;1.5079166666666666;170.245;37.62083333333333;31.02;10.50625;36.72708333333333;59.84291666666667;99.91125;18.741666666666667;87.88708333333334;0.6622222222222223
Zuid-Holland;;9.790299813619058;25.34240297580748;44.7494979724246;18.68327105326851;;40900.0;151.46153846153845;148206.80230769233;130635.76692307692;148206.80230769233;36084.61538461538;134.0;66.78533333333333;1811.384;1.7036666666666669;117.45233333333334;83.58433333333333;35.47066666666667;8.211666666666666;32.963;56.811;113.40833333333332;159.70133333333334;42.318333333333335;4.8886666666666665
Zürich;;4.711967293382468;13.808186066519262;46.59367635140709;11.347027318633884;;88760.0;313.2;126672.29571428572;82595.03142857143;145664.2814285714;57420.0;202.6;57.63666666666666;1558.0963333333334;1.5953333333333333;90.24966666666666;44.87566666666667;28.504666666666665;6.595666666666667;31.09433333333333;38.936;67.801;151.864;137.45;9.946333333333332
Área Metropolitana de Lisboa;0.2252215421142569;3.97946235462192;14.03554803375464;63.24697680157946;17.69411740492449;1.073329485709206;23653.846153846152;87.84615384615384;66524.07769230769;80393.61461538462;66524.07769230769;28569.23076923077;106.3076923076923;92.82;1758.4013333333337;2.4626666666666663;205.439;42.74333333333333;70.45366666666668;4.407;29.772333333333336;64.179;64.515;60.89866666666667;70.42;1.628
Attiki;;;;;;;22430.76923076923;83.92307692307692;85991.86307692308;100172.58846153846;85931.4823076923;26138.46153846154;97.6153846153846;107.263;1809.331;0.1873333333333333;193.17066666666668;42.795;23.932666666666663;3.64;34.584666666666664;44.36;107.30966666666669;17.35233333333333;105.84966666666666;1.3056666666666668
Bucuresti - Ilfov;;;;;;;18715.384615384617;66.38461538461539;43019.41923076923;84444.43461538461;194904.87615384613;36769.230769230766;131.46153846153845;265.31466666666665;2555.9656666666665;0.6266666666666667;502.90833333333336;29.739;10.756666666666666;2.51;42.17733333333333;71.72433333333333;105.872;0.596;284.4456666666667;0.2093333333333333
Burgenland (AT);;;;;;;27000.0;99.3076923076923;7816.406923076924;6988.74076923077;7816.406923076924;24153.846153846152;89.0;132.49666666666667;1913.4533333333331;1.50625;119.33733333333332;61.04366666666667;98.03333333333332;6.758666666666667;30.49233333333333;41.9;72.32366666666667;47.39933333333333;277.4893333333333;0.9322222222222224
Cantabria;;;;;;;21361.53846153846;79.15384615384616;12382.56076923077;13275.184615384616;12382.56076923077;22907.69230769231;85.07692307692308;41.41633333333333;1545.0243333333333;2.945333333333333;109.249;50.83466666666666;19.06533333333333;3.3833333333333333;21.220333333333333;61.46833333333333;90.10466666666666;118.91033333333333;59.95466666666667;1.5423333333333331
Ciudad de Ceuta;;;;;;;19007.69230769231;70.84615384615384;1565.8038461538465;1678.8453846153848;1565.8038461538465;20400.0;75.92307692307692;77.09066666666668;1891.2803333333331;1.6780000000000002;126.67466666666664;57.32266666666667;81.19800000000001;4.978888888888889;28.290000000000003;41.89733333333333;84.53833333333334;64.18366666666667;100.91733333333332;4.714
Ciudad de Melilla;;;;;;;17600.0;65.61538461538461;1425.4184615384615;1528.3884615384616;1425.4184615384615;18861.53846153846;70.38461538461539;76.07466666666666;1930.147;6.875;129.99266666666668;60.22933333333334;92.89766666666668;5.846190476190476;29.23166666666667;56.812000000000005;87.92699999999999;52.32633333333333;86.50133333333333;5.611428571428571
Corse;;;;;;;25323.07692307692;93.6923076923077;8285.123076923077;7438.448846153846;8285.123076923077;22715.384615384617;83.84615384615384;44.97166666666667;1442.582;1.398888888888889;81.97433333333333;23.818;28.588;3.2093333333333334;25.209333333333333;36.08566666666666;93.30566666666668;44.44233333333333;51.07733333333333;6.204666666666666
Cyprus;;;;;;;22538.46153846154;83.38461538461539;19104.53923076923;20886.220769230767;19071.725384615384;24646.153846153848;91.0;82.275;1893.6746666666663;7.226333333333333;136.36866666666666;49.40566666666667;125.48466666666668;3.8316666666666666;27.366;34.242666666666665;64.86133333333333;63.78533333333333;107.54033333333334;2.143
Drenthe;;;;;;;28569.23076923077;105.92307692307692;13996.379230769233;12342.854615384616;13996.379230769233;25176.92307692308;93.6153846153846;67.24133333333333;1847.6263333333332;1.842;120.60866666666666;80.407;37.95333333333333;8.847000000000001;35.493;60.966;107.87466666666666;160.19633333333334;50.16366666666667;4.551333333333333
Dytiki Makedonia;;;;;;;15884.615384615385;59.53846153846154;4379.32076923077;5093.590769230768;4376.264615384615;18500.0;69.23076923076923;81.86208333333333;1748.6691666666666;0.6646666666666666;245.5608333333333;39.1675;28.82875;3.928333333333333;27.902916666666663;42.931666666666665;89.30791666666666;27.72;70.37083333333334;2.455714285714285
Flevoland;;;;;;;30446.153846153848;112.6153846153846;12247.523076923077;10783.55076923077;12247.523076923077;26846.153846153848;99.46153846153848;69.059;1833.298;2.031111111111111;115.05166666666668;92.84033333333332;47.73166666666667;8.366;30.315;57.60266666666666;114.29033333333334;122.74866666666668;56.07233333333333;3.172
Friesland (NL);;;;;;;28584.615384615383;105.3846153846154;18484.637692307693;16291.925384615384;18484.637692307693;25192.30769230769;93.23076923076924;73.51299999999999;1846.4936666666665;1.5576666666666663;130.627;80.70733333333334;39.46533333333333;8.305333333333333;34.343333333333334;57.571;104.18;139.221;46.715;5.152333333333333
Guadeloupe;;;;;;;21507.69230769231;79.6923076923077;8752.73;7853.1484615384625;8752.73;19292.30769230769;71.38461538461539;21.177407407407404;1374.0855555555554;4.225555555555555;109.67703703703704;12.386296296296296;66.33444444444444;1.4185185185185183;21.674444444444447;32.325185185185184;24.83333333333333;36.80703703703704;21.29851851851852;5.64
Helsinki-Uusimaa;;;;;;;50476.92307692308;186.69230769230768;80999.16923076923;65048.92307692308;80999.16923076923;40576.92307692308;150.46153846153845;90.325;1730.074;2.568;152.46733333333336;51.027;15.796;7.561333333333334;28.97533333333333;40.03833333333333;77.61766666666668;94.37033333333332;214.962;4.254333333333333
Hovedstaden;;;;;;;61046.15384615384;224.6153846153846;108371.29384615386;79786.33846153846;807441.3;44915.38461538462;165.0;43.881;1938.0866666666664;2.619333333333333;120.981;133.80533333333332;50.67466666666667;8.147666666666668;38.58866666666667;63.84333333333333;113.40866666666668;122.45966666666666;85.90166666666667;5.240333333333334
Illes Balears;;;;;;;24607.69230769231;91.76923076923076;27484.345384615382;29476.746153846158;27484.345384615382;26423.07692307692;98.6153846153846;51.67733333333333;1595.942;3.531333333333333;96.424;64.17533333333333;51.528;3.862;23.447333333333333;57.47666666666667;79.422;82.13466666666666;76.37366666666667;2.6003333333333334
Ionia Nisia;;;;;;;15376.923076923076;58.0;3167.9930769230773;3691.5676923076926;3165.464615384616;17938.46153846154;67.6923076923077;77.12625;1907.299166666667;0.8608333333333333;231.43416666666667;58.08291666666667;32.49833333333333;2.8479166666666664;26.909166666666664;36.17958333333333;100.77416666666666;19.435;59.21458333333333;1.1972222222222222
Ipeiros;;;;;;;11938.46153846154;44.84615384615385;4036.58;4705.256923076923;4033.383076923077;13915.384615384615;52.23076923076923;63.55708333333333;1527.9170833333335;0.5346666666666666;211.8058333333333;36.64375;20.459166666666665;2.3529166666666668;23.101250000000004;25.432916666666667;90.31458333333336;14.36125;72.79833333333333;1.0404761904761906
Kriti;;;;;;;14161.53846153846;53.30769230769231;8857.413846153846;10327.672307692306;8850.918461538462;16500.0;62.15384615384615;65.33666666666666;1746.2503333333334;0.3388888888888889;175.82433333333336;62.456;24.09433333333333;3.564;26.095;42.553666666666665;105.952;14.524333333333333;71.88366666666667;1.5042857142857142
Kypros;;;;;;;22538.46153846154;83.38461538461539;19104.53923076923;20886.220769230767;19071.725384615384;24646.153846153848;91.0;82.275;1893.6746666666663;7.226333333333333;136.36866666666666;49.40566666666667;125.48466666666668;3.8316666666666666;27.366;34.242666666666665;64.86133333333333;63.78533333333333;107.54033333333334;2.143
Közép-Magyarország;;;;;;;17961.53846153846;65.38461538461539;53628.66230769231;86894.66;16692281.142307691;29107.69230769231;106.46153846153848;128.127;2422.447;1.489;221.621;112.68566666666668;44.499;6.0136666666666665;41.736666666666665;89.733;137.017;68.19933333333333;545.5973333333334;2.259333333333333
La Réunion;;;;;;;20053.846153846152;74.15384615384616;16901.73769230769;15174.27153846154;16901.73769230769;18015.384615384617;66.46153846153847;56.802;1668.54;6.187666666666667;136.51666666666668;48.190666666666665;100.71766666666667;2.049;18.601666666666667;41.553;58.996;66.72966666666667;60.07266666666667;6.28
Martinique;;;;;;;21869.23076923077;80.6923076923077;8229.960769230769;7383.91;8229.960769230769;19630.76923076923;72.15384615384616;24.73133333333333;1432.0683333333334;3.5766666666666667;115.797;9.834666666666667;67.00333333333334;1.7983333333333331;21.743;41.855;27.436666666666667;35.909;20.779333333333334;5.484333333333334
Mayotte;;;;;;;8053.846153846154;29.384615384615383;1958.007692307692;1761.8923076923077;1958.007692307692;7223.076923076923;26.07692307692308;35.80714285714286;2522.720476190476;12.777142857142858;324.2961904761905;54.68142857142857;144.14666666666668;3.41;18.85285714285714;9.849444444444444;21.306666666666665;42.511428571428574;20.326666666666668;4.263333333333334
Noord-Nederland;;;;;;;33023.07692307692;122.53846153846152;56734.27538461538;50056.19846153846;56734.27538461538;29123.07692307692;108.46153846153848;73.259;1876.406;1.7186666666666666;125.03;84.95433333333334;39.992666666666665;8.493666666666666;34.12566666666667;59.56733333333333;111.955;154.636;49.61333333333334;4.862666666666667
Notio Aigaio;;;;;;;17976.923076923078;67.92307692307692;6034.101538461539;7035.549999999999;6029.581538461538;20961.53846153846;78.92307692307692;75.45033333333335;1777.0143333333333;1.2833333333333334;198.397;48.284;30.43566666666667;2.8316666666666666;25.708666666666662;35.059;96.61366666666666;19.96433333333333;87.69066666666666;2.263809523809524
Overijssel;;;;;;;33684.61538461538;123.92307692307692;38516.344615384616;33925.17230769231;38516.344615384616;29676.92307692308;109.76923076923076;62.77766666666666;1888.679;1.5663333333333334;127.21433333333331;92.537;42.29866666666667;7.56;35.943333333333335;62.85;109.87;173.26533333333333;47.153;4.336
Pest;;;;;;;9523.076923076924;34.76923076923077;11853.54;19189.113846153847;3694255.296153846;15430.76923076923;56.53846153846154;156.40966666666665;2684.2213333333334;2.497666666666667;270.9583333333333;116.36966666666667;53.85033333333333;6.447333333333333;38.22033333333333;94.72766666666666;135.83599999999998;77.569;618.918;2.7430000000000003
Praha;;;;;;;36130.769230769234;130.6153846153846;46144.3;67176.61615384616;1225469.5984615383;52746.15384615384;192.3846153846154;74.14133333333332;2075.239333333333;2.287;170.48166666666663;68.79433333333333;55.05033333333333;7.498666666666667;34.95633333333333;60.48433333333333;92.75033333333334;38.394;466.4506666666667;1.0326666666666666
Prov. Antwerpen;;;;;;;44108.333333333336;158.33333333333334;80465.20583333333;72020.17583333333;80465.20583333333;39491.66666666666;141.75;63.91933333333333;1751.624;1.3023333333333331;127.94166666666666;71.54233333333333;22.44066666666667;5.424333333333333;31.603666666666665;44.73566666666667;99.02;116.56966666666668;49.021;4.1593333333333335
Prov. Brabant wallon;;;;;;;43791.66666666666;156.33333333333334;17376.98;15546.369166666664;17376.98;39191.66666666666;139.91666666666666;68.773;1728.3663333333332;3.0716666666666668;105.65433333333334;71.43233333333333;23.566;5.268;35.755;43.693;84.43966666666667;57.63633333333333;55.379;7.902333333333333
Prov. Limburg (BE);;;;;;;30391.666666666668;109.08333333333331;26263.4475;23507.08083333333;26263.4475;27200.0;97.66666666666669;65.969;1703.184;1.2003333333333333;114.48066666666666;80.73133333333334;21.405;4.401333333333333;27.651666666666664;40.09633333333333;106.3;95.51766666666666;50.63866666666667;4.148
Prov. Luxembourg (BE);;;;;;;23291.666666666668;83.91666666666667;6557.333333333333;5870.155833333333;6557.333333333333;20858.33333333333;75.16666666666667;66.642;1939.945333333333;2.5966666666666667;106.22433333333332;87.02866666666667;32.971;5.463666666666667;34.081;50.428666666666665;107.50633333333332;53.79433333333333;71.17566666666667;8.643333333333334
Prov. Oost-Vlaanderen;;;;;;;34041.666666666664;122.16666666666669;50707.13416666666;45381.86083333333;50707.13416666666;30500.0;109.5;69.97666666666667;1761.854;1.1443333333333332;120.74366666666668;70.51833333333335;28.517;5.517333333333334;35.678666666666665;46.22;92.677;101.22766666666666;51.708666666666666;4.644333333333334
Prov. Vlaams-Brabant;;;;;;;39725.0;142.66666666666666;44634.31916666666;39943.06583333333;44634.31916666666;35550.0;127.66666666666669;63.73366666666666;1675.8556666666666;1.606666666666667;112.916;64.978;25.178;4.844333333333333;32.69766666666666;45.705000000000005;84.347;102.18933333333332;53.216;5.075
Prov. West-Vlaanderen;;;;;;;36100.0;129.5;42800.69833333333;38308.77416666667;42800.69833333333;32325.0;115.91666666666669;63.35066666666667;1659.8996666666667;1.3176666666666668;113.823;62.40133333333333;24.019333333333336;5.965999999999999;34.772000000000006;43.693333333333335;84.009;86.694;54.208333333333336;4.042333333333334
Provincia Autonoma di Bolzano/Bozen;;;;;;;42815.38461538462;158.46153846153845;22073.050000000003;21907.96;22073.050000000003;42484.61538461538;157.15384615384616;73.29333333333334;1505.6766666666667;0.9351851851851852;125.85166666666667;53.192;25.40533333333333;5.986666666666666;27.25433333333333;47.687;67.34433333333332;69.28433333333334;91.519;2.761
Região Autónoma dos Açores (PT);;;;;;;15600.0;57.38461538461539;3816.130769230769;4610.093076923077;3816.130769230769;18838.46153846154;69.53846153846153;137.84366666666668;2521.309;5.914333333333333;289.62333333333333;113.796;145.08166666666665;2.9256666666666664;39.82966666666667;50.46133333333333;111.51166666666668;83.19033333333333;82.30466666666666;3.453333333333333
Région de Bruxelles-Capitale/Brussels Hoofdstedelijk Gewest;;;;;;;66366.66666666667;239.33333333333331;78207.11666666667;70006.03916666667;78207.11666666667;59441.66666666666;214.41666666666663;68.82466666666666;1815.9946666666665;3.287;108.36033333333332;85.015;29.792;4.193333333333333;36.98633333333333;47.66133333333333;90.47166666666666;81.11166666666666;61.765;7.530333333333333
Sjeverna Hrvatska;;;;;;;8615.384615384615;31.384615384615383;7163.0630769230775;10970.261538461538;7131.493846153846;13176.923076923076;48.07692307692308;142.42666666666668;2679.873333333333;6.133333333333333;268.37666666666667;72.73333333333333;194.78;7.73;28.00333333333333;85.90666666666668;99.24333333333334;55.91666666666666;192.18;10.92
Sjælland;;;;;;;32792.307692307695;121.15384615384616;27072.03;19917.01153846154;201708.7969230769;24123.07692307692;88.92307692307692;57.79566666666666;2012.3186666666663;2.3736666666666664;142.469;137.06266666666667;53.78966666666667;8.533;37.42;72.07400000000001;132.344;132.80233333333334;98.13833333333334;6.514666666666667
Valle d'Aosta/Vallée d'Aoste;;;;;;;36438.46153846154;135.92307692307693;4583.456923076923;4544.834615384615;4583.456923076923;36146.15384615384;134.84615384615384;73.80933333333334;1690.4573333333333;1.4505555555555556;148.23333333333332;68.19233333333334;38.44166666666667;6.269333333333334;31.63233333333333;43.68666666666666;84.40466666666666;119.80133333333332;79.27933333333334;5.712666666666666
Vorarlberg;;;;;;;42100.0;154.76923076923077;16125.837692307694;14414.384615384615;16125.837692307694;37653.84615384616;138.76923076923077;82.868;1632.8823333333337;1.165925925925926;117.25433333333334;53.48799999999999;47.547;6.6546666666666665;29.194666666666667;40.00466666666667;72.76966666666667;72.33166666666666;213.99266666666665;0.5727777777777778
Voreio Aigaio;;;;;;;12276.923076923076;46.38461538461539;2536.193076923077;2954.179230769231;2534.4069230769232;14253.846153846154;53.92307692307692;89.14666666666668;1740.3623333333337;0.7594444444444445;189.5836666666667;42.14333333333333;24.685;3.310666666666666;25.97833333333333;27.988;92.355;14.486296296296295;46.57866666666666;1.4544444444444444
Warszawski stoleczny;;;;;;;23761.53846153846;86.0;70994.52076923077;120104.6853846154;302948.14;40223.07692307692;146.0;67.09666666666666;2008.15125;1.625;159.90541666666667;39.306666666666665;34.295;7.915;36.93666666666667;59.63208333333333;114.37125;4.11125;129.81125;0.1328571428571428
Wien;;;;;;;47730.769230769234;177.23076923076923;86098.57692307692;77015.46615384615;86098.57692307692;42730.769230769234;158.92307692307693;73.99466666666667;1836.9336666666663;1.471666666666667;100.58666666666666;78.54166666666667;71.23366666666668;7.188666666666666;36.91933333333333;51.56066666666666;97.22966666666666;39.882666666666665;325.781;0.4118518518518519
Zeeland;;;;;;;32292.30769230769;118.76923076923076;12327.859230769232;10858.925384615384;12327.859230769232;28446.153846153848;104.92307692307692;64.30466666666666;1669.3736666666666;2.099;116.34533333333334;60.726;31.535666666666668;7.934;31.10833333333333;53.44866666666667;93.764;146.551;41.14533333333333;3.981666666666667
Zentralschweiz;;;;;;;70140.0;247.4;53856.44;35114.32;61926.04571428571;45360.0;159.8;55.548;1580.554666666667;2.765333333333333;88.96266666666666;44.985;31.198;7.156000000000001;29.836666666666662;39.51733333333333;60.373666666666665;136.3613333333333;156.71066666666667;9.355333333333334
Zuid-Nederland;;;;;;;39053.84615384616;143.69230769230768;141463.61;124602.15307692307;141463.61;34400.0;127.0;67.33366666666667;1873.9556666666665;1.3046666666666666;130.50433333333334;90.51433333333333;32.75266666666666;7.016666666666667;31.459333333333333;59.17733333333333;120.59833333333334;168.114;48.024;4.238
Åland;;;;;;;43769.230769230766;162.92307692307693;1260.3907692307694;1012.7607692307693;1260.3907692307694;35207.692307692305;131.3846153846154;193.8443333333333;1720.0596666666668;8.928333333333335;155.147;64.914;12.481333333333334;8.999166666666666;20.170666666666666;59.92266666666667;78.714;60.39666666666667;132.37033333333335;7.399999999999999
Liechtenstein;;;;;;;;;;;;;;36.688148148148144;1680.9630000000002;4.065;81.601;39.455333333333336;13.5256;7.013888888888889;27.47133333333333;33.04333333333334;57.547;29.13533333333333;127.944;6.854782608695652
