NUTS level;NUTS value;country;name;latitude;longitude
0;AT;AT;Graz;47.0708678;15.4382786
1;AT2;AT;Graz;47.0708678;15.4382786
2;AT22;AT;Graz;47.0708678;15.4382786
3;AT221;AT;Graz;47.0708678;15.4382786
0;AT;AT;Innsbruck;47.2654296;11.3927685
1;AT3;AT;Innsbruck;47.2654296;11.3927685
2;AT33;AT;Innsbruck;47.2654296;11.3927685
3;AT332;AT;Innsbruck;47.2654296;11.3927685
0;AT;AT;Klagenfurt;46.623943;14.3075976
1;AT2;AT;Klagenfurt;46.623943;14.3075976
2;AT21;AT;Klagenfurt;46.623943;14.3075976
3;AT211;AT;Klagenfurt;46.623943;14.3075976
0;AT;AT;Linz;48.3059078;14.286198
1;AT3;AT;Linz;48.3059078;14.286198
2;AT31;AT;Linz;48.3059078;14.286198
3;AT312;AT;Linz;48.3059078;14.286198
0;AT;AT;Salzburg;47.7981346;13.0464806
1;AT3;AT;Salzburg;47.7981346;13.0464806
2;AT32;AT;Salzburg;47.7981346;13.0464806
3;AT323;AT;Salzburg;47.7981346;13.0464806
0;BE;BE;Brugge;51.2315785;3.1917093323369112
1;BE2;BE;Brugge;51.2315785;3.1917093323369112
2;BE25;BE;Brugge;51.2315785;3.1917093323369112
3;BE251;BE;Brugge;51.2315785;3.1917093323369112
0;BE;BE;Charleroi;50.4120332;4.4436244
1;BE3;BE;Charleroi;50.4120332;4.4436244
2;BE32;BE;Charleroi;50.4120332;4.4436244
3;BE32B;BE;Charleroi;50.4120332;4.4436244
0;BE;BE;Kortrijk;50.8276429;3.2659884
1;BE2;BE;Kortrijk;50.8276429;3.2659884
2;BE25;BE;Kortrijk;50.8276429;3.2659884
3;BE254;BE;Kortrijk;50.8276429;3.2659884
0;BE;BE;Leuven;50.879202;4.7011675
1;BE2;BE;Leuven;50.879202;4.7011675
2;BE24;BE;Leuven;50.879202;4.7011675
3;BE242;BE;Leuven;50.879202;4.7011675
0;BE;BE;Liège;50.6450944;5.5736112
1;BE3;BE;Liège;50.6450944;5.5736112
2;BE33;BE;Liège;50.6450944;5.5736112
3;BE332;BE;Liège;50.6450944;5.5736112
0;BE;BE;Namur;50.4665284;4.8661892
1;BE3;BE;Namur;50.4665284;4.8661892
2;BE35;BE;Namur;50.4665284;4.8661892
3;BE352;BE;Namur;50.4665284;4.8661892
0;BG;BG;Blagoevgrad;42.0111077;23.0906457
1;BG4;BG;Blagoevgrad;42.0111077;23.0906457
2;BG41;BG;Blagoevgrad;42.0111077;23.0906457
3;BG413;BG;Blagoevgrad;42.0111077;23.0906457
0;BG;BG;Burgas;42.4936616;27.4721276
1;BG3;BG;Burgas;42.4936616;27.4721276
2;BG34;BG;Burgas;42.4936616;27.4721276
3;BG341;BG;Burgas;42.4936616;27.4721276
0;BG;BG;Dobrich;43.5688397;27.8297415
1;BG3;BG;Dobrich;43.5688397;27.8297415
2;BG33;BG;Dobrich;43.5688397;27.8297415
3;BG332;BG;Dobrich;43.5688397;27.8297415
0;BG;BG;Haskovo;41.9345727;25.5556639
1;BG4;BG;Haskovo;41.9345727;25.5556639
2;BG42;BG;Haskovo;41.9345727;25.5556639
3;BG422;BG;Haskovo;41.9345727;25.5556639
0;BG;BG;Pazardzhik;42.1884549;24.3318993
1;BG4;BG;Pazardzhik;42.1884549;24.3318993
2;BG42;BG;Pazardzhik;42.1884549;24.3318993
3;BG423;BG;Pazardzhik;42.1884549;24.3318993
0;BG;BG;Pernik;42.6092185;23.0309457
1;BG4;BG;Pernik;42.6092185;23.0309457
2;BG41;BG;Pernik;42.6092185;23.0309457
3;BG414;BG;Pernik;42.6092185;23.0309457
0;BG;BG;Pleven;43.409022;24.6180123
1;BG3;BG;Pleven;43.409022;24.6180123
2;BG31;BG;Pleven;43.409022;24.6180123
3;BG314;BG;Pleven;43.409022;24.6180123
0;BG;BG;Plovdiv;42.1418541;24.7499297
1;BG4;BG;Plovdiv;42.1418541;24.7499297
2;BG42;BG;Plovdiv;42.1418541;24.7499297
3;BG421;BG;Plovdiv;42.1418541;24.7499297
0;BG;BG;Ruse;43.8480413;25.9542057
1;BG3;BG;Ruse;43.8480413;25.9542057
2;BG32;BG;Ruse;43.8480413;25.9542057
3;BG323;BG;Ruse;43.8480413;25.9542057
0;BG;BG;Shumen;43.2703797;26.9247362
1;BG3;BG;Shumen;43.2703797;26.9247362
2;BG33;BG;Shumen;43.2703797;26.9247362
3;BG333;BG;Shumen;43.2703797;26.9247362
0;BG;BG;Sliven;42.6817633;26.3153528
1;BG3;BG;Sliven;42.6817633;26.3153528
2;BG34;BG;Sliven;42.6817633;26.3153528
3;BG342;BG;Sliven;42.6817633;26.3153528
0;BG;BG;Sofia;42.6977028;23.3217359
1;BG4;BG;Sofia;42.6977028;23.3217359
2;BG41;BG;Sofia;42.6977028;23.3217359
3;BG411;BG;Sofia;42.6977028;23.3217359
0;BG;BG;Stara Zagora;42.4248111;25.6257479
1;BG3;BG;Stara Zagora;42.4248111;25.6257479
2;BG34;BG;Stara Zagora;42.4248111;25.6257479
3;BG344;BG;Stara Zagora;42.4248111;25.6257479
0;BG;BG;Varna;43.2073873;27.9166653
1;BG3;BG;Varna;43.2073873;27.9166653
2;BG33;BG;Varna;43.2073873;27.9166653
3;BG331;BG;Varna;43.2073873;27.9166653
0;BG;BG;Veliko Tarnovo;43.0820584;25.6321312
1;BG3;BG;Veliko Tarnovo;43.0820584;25.6321312
2;BG32;BG;Veliko Tarnovo;43.0820584;25.6321312
3;BG321;BG;Veliko Tarnovo;43.0820584;25.6321312
0;BG;BG;Vidin;43.9858809;22.8773117
1;BG3;BG;Vidin;43.9858809;22.8773117
2;BG31;BG;Vidin;43.9858809;22.8773117
3;BG311;BG;Vidin;43.9858809;22.8773117
0;BG;BG;Vratsa;43.2028209;23.548027
1;BG3;BG;Vratsa;43.2028209;23.548027
2;BG31;BG;Vratsa;43.2028209;23.548027
3;BG313;BG;Vratsa;43.2028209;23.548027
0;CH;CH;Basel;47.5581077;7.5878261
1;CH0;CH;Basel;47.5581077;7.5878261
2;CH03;CH;Basel;47.5581077;7.5878261
3;CH031;CH;Basel;47.5581077;7.5878261
0;CH;CH;Bern;46.9482713;7.4514512
1;CH0;CH;Bern;46.9482713;7.4514512
2;CH02;CH;Bern;46.9482713;7.4514512
3;CH021;CH;Bern;46.9482713;7.4514512
0;CH;CH;Lausanne;46.5218269;6.6327025
1;CH0;CH;Lausanne;46.5218269;6.6327025
2;CH01;CH;Lausanne;46.5218269;6.6327025
3;CH011;CH;Lausanne;46.5218269;6.6327025
0;CH;CH;Lugano;46.0050102;8.9520281
1;CH0;CH;Lugano;46.0050102;8.9520281
2;CH07;CH;Lugano;46.0050102;8.9520281
3;CH070;CH;Lugano;46.0050102;8.9520281
0;CH;CH;St. Gallen;47.4250593;9.3765878
1;CH0;CH;St. Gallen;47.4250593;9.3765878
2;CH05;CH;St. Gallen;47.4250593;9.3765878
3;CH055;CH;St. Gallen;47.4250593;9.3765878
0;CH;CH;Winterthur;47.4991723;8.7291498
1;CH0;CH;Winterthur;47.4991723;8.7291498
2;CH04;CH;Winterthur;47.4991723;8.7291498
3;CH040;CH;Winterthur;47.4991723;8.7291498
0;CZ;CZ;Brno;49.1922443;16.6113382
1;CZ0;CZ;Brno;49.1922443;16.6113382
2;CZ06;CZ;Brno;49.1922443;16.6113382
3;CZ064;CZ;Brno;49.1922443;16.6113382
0;CZ;CZ;Hradec Králové;50.2092113;15.8327512
1;CZ0;CZ;Hradec Králové;50.2092113;15.8327512
2;CZ05;CZ;Hradec Králové;50.2092113;15.8327512
3;CZ052;CZ;Hradec Králové;50.2092113;15.8327512
0;CZ;CZ;Jihlava;49.396064;15.5903065
1;CZ0;CZ;Jihlava;49.396064;15.5903065
2;CZ06;CZ;Jihlava;49.396064;15.5903065
3;CZ063;CZ;Jihlava;49.396064;15.5903065
0;CZ;CZ;Karlovy Vary;50.2306147;12.8699868
1;CZ0;CZ;Karlovy Vary;50.2306147;12.8699868
2;CZ04;CZ;Karlovy Vary;50.2306147;12.8699868
3;CZ041;CZ;Karlovy Vary;50.2306147;12.8699868
0;CZ;CZ;Karviná;49.8542719;18.5416556
1;CZ0;CZ;Karviná;49.8542719;18.5416556
2;CZ08;CZ;Karviná;49.8542719;18.5416556
3;CZ080;CZ;Karviná;49.8542719;18.5416556
0;CZ;CZ;Kladno;50.1478497;14.1025379
1;CZ0;CZ;Kladno;50.1478497;14.1025379
2;CZ02;CZ;Kladno;50.1478497;14.1025379
3;CZ020;CZ;Kladno;50.1478497;14.1025379
0;CZ;CZ;Liberec;50.7702648;15.0583947
1;CZ0;CZ;Liberec;50.7702648;15.0583947
2;CZ05;CZ;Liberec;50.7702648;15.0583947
3;CZ051;CZ;Liberec;50.7702648;15.0583947
0;CZ;CZ;Most;50.5032737;13.636112
1;CZ0;CZ;Most;50.5032737;13.636112
2;CZ04;CZ;Most;50.5032737;13.636112
3;CZ042;CZ;Most;50.5032737;13.636112
0;CZ;CZ;Olomouc;49.5940567;17.251143
1;CZ0;CZ;Olomouc;49.5940567;17.251143
2;CZ07;CZ;Olomouc;49.5940567;17.251143
3;CZ071;CZ;Olomouc;49.5940567;17.251143
0;CZ;CZ;Ostrava;49.8349139;18.2820084
1;CZ0;CZ;Ostrava;49.8349139;18.2820084
2;CZ08;CZ;Ostrava;49.8349139;18.2820084
3;CZ080;CZ;Ostrava;49.8349139;18.2820084
0;CZ;CZ;Pardubice;50.0385812;15.7791356
1;CZ0;CZ;Pardubice;50.0385812;15.7791356
2;CZ05;CZ;Pardubice;50.0385812;15.7791356
3;CZ053;CZ;Pardubice;50.0385812;15.7791356
0;CZ;CZ;Ústí nad Labem;50.6603327;14.0381357
1;CZ0;CZ;Ústí nad Labem;50.6603327;14.0381357
2;CZ04;CZ;Ústí nad Labem;50.6603327;14.0381357
3;CZ042;CZ;Ústí nad Labem;50.6603327;14.0381357
0;CZ;CZ;Zlín;49.226766;17.6667415
1;CZ0;CZ;Zlín;49.226766;17.6667415
2;CZ07;CZ;Zlín;49.226766;17.6667415
3;CZ072;CZ;Zlín;49.226766;17.6667415
0;DE;DE;Aachen;50.776351;6.083862
1;DEA;DE;Aachen;50.776351;6.083862
2;DEA2;DE;Aachen;50.776351;6.083862
3;DEA2D;DE;Aachen;50.776351;6.083862
0;DE;DE;Aschaffenburg;49.9740542;9.1493636
1;DE2;DE;Aschaffenburg;49.9740542;9.1493636
2;DE26;DE;Aschaffenburg;49.9740542;9.1493636
3;DE261;DE;Aschaffenburg;49.9740542;9.1493636
0;DE;DE;Augsburg;48.3668041;10.8986971
1;DE2;DE;Augsburg;48.3668041;10.8986971
2;DE27;DE;Augsburg;48.3668041;10.8986971
3;DE271;DE;Augsburg;48.3668041;10.8986971
0;DE;DE;Bamberg;49.8916044;10.8868478
1;DE2;DE;Bamberg;49.8916044;10.8868478
2;DE24;DE;Bamberg;49.8916044;10.8868478
3;DE241;DE;Bamberg;49.8916044;10.8868478
0;DE;DE;Bayreuth;49.9427202;11.5763079
1;DE2;DE;Bayreuth;49.9427202;11.5763079
2;DE24;DE;Bayreuth;49.9427202;11.5763079
3;DE242;DE;Bayreuth;49.9427202;11.5763079
0;DE;DE;Berlin;52.5170365;13.3888599
1;DE3;DE;Berlin;52.5170365;13.3888599
2;DE30;DE;Berlin;52.5170365;13.3888599
3;DE300;DE;Berlin;52.5170365;13.3888599
0;DE;DE;Bielefeld;52.0191005;8.531007
1;DEA;DE;Bielefeld;52.0191005;8.531007
2;DEA4;DE;Bielefeld;52.0191005;8.531007
3;DEA41;DE;Bielefeld;52.0191005;8.531007
0;DE;DE;Bochum;51.4818111;7.2196635
1;DEA;DE;Bochum;51.4818111;7.2196635
2;DEA5;DE;Bochum;51.4818111;7.2196635
3;DEA51;DE;Bochum;51.4818111;7.2196635
0;DE;DE;Bonn;50.735851;7.10066
1;DEA;DE;Bonn;50.735851;7.10066
2;DEA2;DE;Bonn;50.735851;7.10066
3;DEA22;DE;Bonn;50.735851;7.10066
0;DE;DE;Bottrop;51.521581;6.929204
1;DEA;DE;Bottrop;51.521581;6.929204
2;DEA3;DE;Bottrop;51.521581;6.929204
3;DEA31;DE;Bottrop;51.521581;6.929204
0;DE;DE;Brandenburg an der Havel;52.4108261;12.5497933
1;DE4;DE;Brandenburg an der Havel;52.4108261;12.5497933
2;DE40;DE;Brandenburg an der Havel;52.4108261;12.5497933
3;DE401;DE;Brandenburg an der Havel;52.4108261;12.5497933
0;DE;DE;Bremen;53.0758196;8.8071646
1;DE5;DE;Bremen;53.0758196;8.8071646
2;DE50;DE;Bremen;53.0758196;8.8071646
3;DE501;DE;Bremen;53.0758196;8.8071646
0;DE;DE;Bremerhaven;53.5505392;8.5851945
1;DE5;DE;Bremerhaven;53.5505392;8.5851945
2;DE50;DE;Bremerhaven;53.5505392;8.5851945
3;DE502;DE;Bremerhaven;53.5505392;8.5851945
0;DE;DE;Celle;52.624056;10.081052
1;DE9;DE;Celle;52.624056;10.081052
2;DE93;DE;Celle;52.624056;10.081052
3;DE931;DE;Celle;52.624056;10.081052
0;DE;DE;Chemnitz;50.8322608;12.9252977
1;DED;DE;Chemnitz;50.8322608;12.9252977
2;DED4;DE;Chemnitz;50.8322608;12.9252977
3;DED41;DE;Chemnitz;50.8322608;12.9252977
0;DE;DE;Darmstadt;49.8851869;8.6736295
1;DE7;DE;Darmstadt;49.8851869;8.6736295
2;DE71;DE;Darmstadt;49.8851869;8.6736295
3;DE711;DE;Darmstadt;49.8851869;8.6736295
0;DE;DE;Dortmund;51.5142273;7.4652789
1;DEA;DE;Dortmund;51.5142273;7.4652789
2;DEA5;DE;Dortmund;51.5142273;7.4652789
3;DEA52;DE;Dortmund;51.5142273;7.4652789
0;DE;DE;Dresden;51.0493286;13.7381437
1;DED;DE;Dresden;51.0493286;13.7381437
2;DED2;DE;Dresden;51.0493286;13.7381437
3;DED21;DE;Dresden;51.0493286;13.7381437
0;DE;DE;Duisburg;51.434999;6.759562
1;DEA;DE;Duisburg;51.434999;6.759562
2;DEA1;DE;Duisburg;51.434999;6.759562
3;DEA12;DE;Duisburg;51.434999;6.759562
0;DE;DE;Erfurt;50.9777974;11.0287364
1;DEG;DE;Erfurt;50.9777974;11.0287364
2;DEG0;DE;Erfurt;50.9777974;11.0287364
3;DEG01;DE;Erfurt;50.9777974;11.0287364
0;DE;DE;Erlangen;49.5928616;11.0056
1;DE2;DE;Erlangen;49.5928616;11.0056
2;DE25;DE;Erlangen;49.5928616;11.0056
3;DE252;DE;Erlangen;49.5928616;11.0056
0;DE;DE;Essen;51.4582235;7.0158171
1;DEA;DE;Essen;51.4582235;7.0158171
2;DEA1;DE;Essen;51.4582235;7.0158171
3;DEA13;DE;Essen;51.4582235;7.0158171
0;DE;DE;Esslingen am Neckar;48.7427584;9.3071685
1;DE1;DE;Esslingen am Neckar;48.7427584;9.3071685
2;DE11;DE;Esslingen am Neckar;48.7427584;9.3071685
3;DE113;DE;Esslingen am Neckar;48.7427584;9.3071685
0;DE;DE;Flensburg;54.7833021;9.4333264
1;DEF;DE;Flensburg;54.7833021;9.4333264
2;DEF0;DE;Flensburg;54.7833021;9.4333264
3;DEF01;DE;Flensburg;54.7833021;9.4333264
0;DE;DE;Frankenthal (Pfalz);49.5445804;8.3540061
1;DEB;DE;Frankenthal (Pfalz);49.5445804;8.3540061
2;DEB3;DE;Frankenthal (Pfalz);49.5445804;8.3540061
3;DEB31;DE;Frankenthal (Pfalz);49.5445804;8.3540061
0;DE;DE;Frankfurt (Oder);52.3412273;14.549452
1;DE4;DE;Frankfurt (Oder);52.3412273;14.549452
2;DE40;DE;Frankfurt (Oder);52.3412273;14.549452
3;DE403;DE;Frankfurt (Oder);52.3412273;14.549452
0;DE;DE;Freiburg im Breisgau;47.9960901;7.8494005
1;DE1;DE;Freiburg im Breisgau;47.9960901;7.8494005
2;DE13;DE;Freiburg im Breisgau;47.9960901;7.8494005
3;DE131;DE;Freiburg im Breisgau;47.9960901;7.8494005
0;DE;DE;Friedrichshafen;47.6500279;9.4800858
1;DE1;DE;Friedrichshafen;47.6500279;9.4800858
2;DE14;DE;Friedrichshafen;47.6500279;9.4800858
3;DE147;DE;Friedrichshafen;47.6500279;9.4800858
0;DE;DE;Fulda;50.5542328;9.6770448
1;DE7;DE;Fulda;50.5542328;9.6770448
2;DE73;DE;Fulda;50.5542328;9.6770448
3;DE732;DE;Fulda;50.5542328;9.6770448
0;DE;DE;Fürth;49.4772475;10.9893626
1;DE2;DE;Fürth;49.4772475;10.9893626
2;DE25;DE;Fürth;49.4772475;10.9893626
3;DE253;DE;Fürth;49.4772475;10.9893626
0;DE;DE;Gelsenkirchen;51.5110321;7.0960124
1;DEA;DE;Gelsenkirchen;51.5110321;7.0960124
2;DEA3;DE;Gelsenkirchen;51.5110321;7.0960124
3;DEA32;DE;Gelsenkirchen;51.5110321;7.0960124
0;DE;DE;Gießen;50.5862066;8.6742306
1;DE7;DE;Gießen;50.5862066;8.6742306
2;DE72;DE;Gießen;50.5862066;8.6742306
3;DE721;DE;Gießen;50.5862066;8.6742306
0;DE;DE;Görlitz;51.1563185;14.991018
1;DED;DE;Görlitz;51.1563185;14.991018
2;DED2;DE;Görlitz;51.1563185;14.991018
3;DED2D;DE;Görlitz;51.1563185;14.991018
0;DE;DE;Göttingen;51.5328328;9.9351811
1;DE9;DE;Göttingen;51.5328328;9.9351811
2;DE91;DE;Göttingen;51.5328328;9.9351811
3;DE91C;DE;Göttingen;51.5328328;9.9351811
0;DE;DE;Hagen;51.3582945;7.473296
1;DEA;DE;Hagen;51.3582945;7.473296
2;DEA5;DE;Hagen;51.3582945;7.473296
3;DEA53;DE;Hagen;51.3582945;7.473296
0;DE;DE;Hamburg;53.550341;10.000654
1;DE6;DE;Hamburg;53.550341;10.000654
2;DE60;DE;Hamburg;53.550341;10.000654
3;DE600;DE;Hamburg;53.550341;10.000654
0;DE;DE;Hanau;50.132881;8.9169797
1;DE7;DE;Hanau;50.132881;8.9169797
2;DE71;DE;Hanau;50.132881;8.9169797
3;DE719;DE;Hanau;50.132881;8.9169797
0;DE;DE;Heidelberg;49.4093582;8.694724
1;DE1;DE;Heidelberg;49.4093582;8.694724
2;DE12;DE;Heidelberg;49.4093582;8.694724
3;DE125;DE;Heidelberg;49.4093582;8.694724
0;DE;DE;Heilbronn;49.142291;9.218655
1;DE1;DE;Heilbronn;49.142291;9.218655
2;DE11;DE;Heilbronn;49.142291;9.218655
3;DE117;DE;Heilbronn;49.142291;9.218655
0;DE;DE;Herne;51.5380394;7.219985
1;DEA;DE;Herne;51.5380394;7.219985
2;DEA5;DE;Herne;51.5380394;7.219985
3;DEA55;DE;Herne;51.5380394;7.219985
0;DE;DE;Hildesheim;52.1521636;9.9513046
1;DE9;DE;Hildesheim;52.1521636;9.9513046
2;DE92;DE;Hildesheim;52.1521636;9.9513046
3;DE925;DE;Hildesheim;52.1521636;9.9513046
0;DE;DE;Ingolstadt;48.7630165;11.4250395
1;DE2;DE;Ingolstadt;48.7630165;11.4250395
2;DE21;DE;Ingolstadt;48.7630165;11.4250395
3;DE211;DE;Ingolstadt;48.7630165;11.4250395
0;DE;DE;Iserlohn;51.3746778;7.6999713
1;DEA;DE;Iserlohn;51.3746778;7.6999713
2;DEA5;DE;Iserlohn;51.3746778;7.6999713
3;DEA58;DE;Iserlohn;51.3746778;7.6999713
0;DE;DE;Jena;50.9281717;11.5879359
1;DEG;DE;Jena;50.9281717;11.5879359
2;DEG0;DE;Jena;50.9281717;11.5879359
3;DEG03;DE;Jena;50.9281717;11.5879359
0;DE;DE;Kaiserslautern;49.4432174;7.7689951
1;DEB;DE;Kaiserslautern;49.4432174;7.7689951
2;DEB3;DE;Kaiserslautern;49.4432174;7.7689951
3;DEB32;DE;Kaiserslautern;49.4432174;7.7689951
0;DE;DE;Karlsruhe;49.0068705;8.4034195
1;DE1;DE;Karlsruhe;49.0068705;8.4034195
2;DE12;DE;Karlsruhe;49.0068705;8.4034195
3;DE122;DE;Karlsruhe;49.0068705;8.4034195
0;DE;DE;Kassel;51.3154546;9.4924096
1;DE7;DE;Kassel;51.3154546;9.4924096
2;DE73;DE;Kassel;51.3154546;9.4924096
3;DE731;DE;Kassel;51.3154546;9.4924096
0;DE;DE;Kempten (Allgäu);47.7267063;10.3168835
1;DE2;DE;Kempten (Allgäu);47.7267063;10.3168835
2;DE27;DE;Kempten (Allgäu);47.7267063;10.3168835
3;DE273;DE;Kempten (Allgäu);47.7267063;10.3168835
0;DE;DE;Kiel;54.3227085;10.135555
1;DEF;DE;Kiel;54.3227085;10.135555
2;DEF0;DE;Kiel;54.3227085;10.135555
3;DEF02;DE;Kiel;54.3227085;10.135555
0;DE;DE;Koblenz;50.3533278;7.5943951
1;DEB;DE;Koblenz;50.3533278;7.5943951
2;DEB1;DE;Koblenz;50.3533278;7.5943951
3;DEB11;DE;Koblenz;50.3533278;7.5943951
0;DE;DE;Krefeld;51.3331205;6.5623343
1;DEA;DE;Krefeld;51.3331205;6.5623343
2;DEA1;DE;Krefeld;51.3331205;6.5623343
3;DEA14;DE;Krefeld;51.3331205;6.5623343
0;DE;DE;Landshut;48.536217;12.1516551
1;DE2;DE;Landshut;48.536217;12.1516551
2;DE22;DE;Landshut;48.536217;12.1516551
3;DE221;DE;Landshut;48.536217;12.1516551
0;DE;DE;Leipzig;51.3406321;12.3747329
1;DED;DE;Leipzig;51.3406321;12.3747329
2;DED5;DE;Leipzig;51.3406321;12.3747329
3;DED51;DE;Leipzig;51.3406321;12.3747329
0;DE;DE;Leverkusen;51.0324743;6.9881194
1;DEA;DE;Leverkusen;51.0324743;6.9881194
2;DEA2;DE;Leverkusen;51.0324743;6.9881194
3;DEA24;DE;Leverkusen;51.0324743;6.9881194
0;DE;DE;Lübeck;53.866444;10.684738
1;DEF;DE;Lübeck;53.866444;10.684738
2;DEF0;DE;Lübeck;53.866444;10.684738
3;DEF03;DE;Lübeck;53.866444;10.684738
0;DE;DE;Ludwigsburg;48.8953937;9.1895147
1;DE1;DE;Ludwigsburg;48.8953937;9.1895147
2;DE11;DE;Ludwigsburg;48.8953937;9.1895147
3;DE115;DE;Ludwigsburg;48.8953937;9.1895147
0;DE;DE;Ludwigshafen am Rhein;49.4704113;8.4381568
1;DEB;DE;Ludwigshafen am Rhein;49.4704113;8.4381568
2;DEB3;DE;Ludwigshafen am Rhein;49.4704113;8.4381568
3;DEB34;DE;Ludwigshafen am Rhein;49.4704113;8.4381568
0;DE;DE;Lüneburg;53.248706;10.407855
1;DE9;DE;Lüneburg;53.248706;10.407855
2;DE93;DE;Lüneburg;53.248706;10.407855
3;DE935;DE;Lüneburg;53.248706;10.407855
0;DE;DE;Magdeburg;52.1315889;11.6399609
1;DEE;DE;Magdeburg;52.1315889;11.6399609
2;DEE0;DE;Magdeburg;52.1315889;11.6399609
3;DEE03;DE;Magdeburg;52.1315889;11.6399609
0;DE;DE;Mainz;50.0012314;8.2762513
1;DEB;DE;Mainz;50.0012314;8.2762513
2;DEB3;DE;Mainz;50.0012314;8.2762513
3;DEB35;DE;Mainz;50.0012314;8.2762513
0;DE;DE;Mannheim;49.4892913;8.4673098
1;DE1;DE;Mannheim;49.4892913;8.4673098
2;DE12;DE;Mannheim;49.4892913;8.4673098
3;DE126;DE;Mannheim;49.4892913;8.4673098
0;DE;DE;Marburg;50.8090106;8.7704695
1;DE7;DE;Marburg;50.8090106;8.7704695
2;DE72;DE;Marburg;50.8090106;8.7704695
3;DE724;DE;Marburg;50.8090106;8.7704695
0;DE;DE;Moers;51.451283;6.62843
1;DEA;DE;Moers;51.451283;6.62843
2;DEA1;DE;Moers;51.451283;6.62843
3;DEA1F;DE;Moers;51.451283;6.62843
0;DE;DE;Mönchengladbach;51.1946983;6.4353641
1;DEA;DE;Mönchengladbach;51.1946983;6.4353641
2;DEA1;DE;Mönchengladbach;51.1946983;6.4353641
3;DEA15;DE;Mönchengladbach;51.1946983;6.4353641
0;DE;DE;München;48.6970972;13.4635084
1;DE2;DE;München;48.6970972;13.4635084
2;DE22;DE;München;48.6970972;13.4635084
3;DE228;DE;München;48.6970972;13.4635084
0;DE;DE;Neubrandenburg;53.5574458;13.2602781
1;DE8;DE;Neubrandenburg;53.5574458;13.2602781
2;DE80;DE;Neubrandenburg;53.5574458;13.2602781
3;DE80J;DE;Neubrandenburg;53.5574458;13.2602781
0;DE;DE;Neumünster;54.0757442;9.9815377
1;DEF;DE;Neumünster;54.0757442;9.9815377
2;DEF0;DE;Neumünster;54.0757442;9.9815377
3;DEF04;DE;Neumünster;54.0757442;9.9815377
0;DE;DE;Neuss;51.1981778;6.6916476
1;DEA;DE;Neuss;51.1981778;6.6916476
2;DEA1;DE;Neuss;51.1981778;6.6916476
3;DEA1D;DE;Neuss;51.1981778;6.6916476
0;DE;DE;Neu-Ulm;48.3954965;10.00589
1;DE2;DE;Neu-Ulm;48.3954965;10.00589
2;DE27;DE;Neu-Ulm;48.3954965;10.00589
3;DE279;DE;Neu-Ulm;48.3954965;10.00589
0;DE;DE;Nürnberg;48.3619187;12.9118642
1;DE2;DE;Nürnberg;48.3619187;12.9118642
2;DE22;DE;Nürnberg;48.3619187;12.9118642
3;DE22A;DE;Nürnberg;48.3619187;12.9118642
0;DE;DE;Oberhausen;51.4696137;6.8514435
1;DEA;DE;Oberhausen;51.4696137;6.8514435
2;DEA1;DE;Oberhausen;51.4696137;6.8514435
3;DEA17;DE;Oberhausen;51.4696137;6.8514435
0;DE;DE;Offenbach am Main;50.1055002;8.7610698
1;DE7;DE;Offenbach am Main;50.1055002;8.7610698
2;DE71;DE;Offenbach am Main;50.1055002;8.7610698
3;DE713;DE;Offenbach am Main;50.1055002;8.7610698
0;DE;DE;Offenburg;48.4716556;7.944378
1;DE1;DE;Offenburg;48.4716556;7.944378
2;DE13;DE;Offenburg;48.4716556;7.944378
3;DE134;DE;Offenburg;48.4716556;7.944378
0;DE;DE;Osnabrück;52.2719595;8.047635
1;DE9;DE;Osnabrück;52.2719595;8.047635
2;DE94;DE;Osnabrück;52.2719595;8.047635
3;DE944;DE;Osnabrück;52.2719595;8.047635
0;DE;DE;Paderborn;51.71895955;8.764869778177559
1;DEA;DE;Paderborn;51.71895955;8.764869778177559
2;DEA4;DE;Paderborn;51.71895955;8.764869778177559
3;DEA47;DE;Paderborn;51.71895955;8.764869778177559
0;DE;DE;Passau;48.5748229;13.4609744
1;DE2;DE;Passau;48.5748229;13.4609744
2;DE22;DE;Passau;48.5748229;13.4609744
3;DE222;DE;Passau;48.5748229;13.4609744
0;DE;DE;Pforzheim;48.8908846;8.7029532
1;DE1;DE;Pforzheim;48.8908846;8.7029532
2;DE12;DE;Pforzheim;48.8908846;8.7029532
3;DE129;DE;Pforzheim;48.8908846;8.7029532
0;DE;DE;Plauen;50.4950632;12.1346523
1;DED;DE;Plauen;50.4950632;12.1346523
2;DED4;DE;Plauen;50.4950632;12.1346523
3;DED44;DE;Plauen;50.4950632;12.1346523
0;DE;DE;Potsdam;52.4009309;13.0591397
1;DE4;DE;Potsdam;52.4009309;13.0591397
2;DE40;DE;Potsdam;52.4009309;13.0591397
3;DE404;DE;Potsdam;52.4009309;13.0591397
0;DE;DE;Recklinghausen;51.6143815;7.1978546
1;DEA;DE;Recklinghausen;51.6143815;7.1978546
2;DEA3;DE;Recklinghausen;51.6143815;7.1978546
3;DEA36;DE;Recklinghausen;51.6143815;7.1978546
0;DE;DE;Regensburg;49.0195333;12.0974869
1;DE2;DE;Regensburg;49.0195333;12.0974869
2;DE23;DE;Regensburg;49.0195333;12.0974869
3;DE232;DE;Regensburg;49.0195333;12.0974869
0;DE;DE;Remscheid;51.1798706;7.1943544
1;DEA;DE;Remscheid;51.1798706;7.1943544
2;DEA1;DE;Remscheid;51.1798706;7.1943544
3;DEA18;DE;Remscheid;51.1798706;7.1943544
0;DE;DE;Reutlingen;48.4919508;9.2114144
1;DE1;DE;Reutlingen;48.4919508;9.2114144
2;DE14;DE;Reutlingen;48.4919508;9.2114144
3;DE141;DE;Reutlingen;48.4919508;9.2114144
0;DE;DE;Rostock;54.0924445;12.1286127
1;DE8;DE;Rostock;54.0924445;12.1286127
2;DE80;DE;Rostock;54.0924445;12.1286127
3;DE803;DE;Rostock;54.0924445;12.1286127
0;DE;DE;Saarbrücken;49.234362;6.996379
1;DEC;DE;Saarbrücken;49.234362;6.996379
2;DEC0;DE;Saarbrücken;49.234362;6.996379
3;DEC01;DE;Saarbrücken;49.234362;6.996379
0;DE;DE;Salzgitter;52.1503721;10.3593147
1;DE9;DE;Salzgitter;52.1503721;10.3593147
2;DE91;DE;Salzgitter;52.1503721;10.3593147
3;DE912;DE;Salzgitter;52.1503721;10.3593147
0;DE;DE;Schweinfurt;50.0499945;10.233302
1;DE2;DE;Schweinfurt;50.0499945;10.233302
2;DE26;DE;Schweinfurt;50.0499945;10.233302
3;DE262;DE;Schweinfurt;50.0499945;10.233302
0;DE;DE;Schwerin;53.6288297;11.4148038
1;DE8;DE;Schwerin;53.6288297;11.4148038
2;DE80;DE;Schwerin;53.6288297;11.4148038
3;DE804;DE;Schwerin;53.6288297;11.4148038
0;DE;DE;Siegen;50.8749804;8.0227233
1;DEA;DE;Siegen;50.8749804;8.0227233
2;DEA5;DE;Siegen;50.8749804;8.0227233
3;DEA5A;DE;Siegen;50.8749804;8.0227233
0;DE;DE;Solingen;51.1721629;7.0845893
1;DEA;DE;Solingen;51.1721629;7.0845893
2;DEA1;DE;Solingen;51.1721629;7.0845893
3;DEA19;DE;Solingen;51.1721629;7.0845893
0;DE;DE;Speyer;49.3165553;8.433615
1;DEB;DE;Speyer;49.3165553;8.433615
2;DEB3;DE;Speyer;49.3165553;8.433615
3;DEB38;DE;Speyer;49.3165553;8.433615
0;DE;DE;Stralsund;54.3096314;13.0820846
1;DE8;DE;Stralsund;54.3096314;13.0820846
2;DE80;DE;Stralsund;54.3096314;13.0820846
3;DE80L;DE;Stralsund;54.3096314;13.0820846
0;DE;DE;Stuttgart;48.7784485;9.1800132
1;DE1;DE;Stuttgart;48.7784485;9.1800132
2;DE11;DE;Stuttgart;48.7784485;9.1800132
3;DE111;DE;Stuttgart;48.7784485;9.1800132
0;DE;DE;Trier;49.7596208;6.6441878
1;DEB;DE;Trier;49.7596208;6.6441878
2;DEB2;DE;Trier;49.7596208;6.6441878
3;DEB21;DE;Trier;49.7596208;6.6441878
0;DE;DE;Tübingen;48.5236164;9.0535531
1;DE1;DE;Tübingen;48.5236164;9.0535531
2;DE14;DE;Tübingen;48.5236164;9.0535531
3;DE142;DE;Tübingen;48.5236164;9.0535531
0;DE;DE;Ulm;48.3974003;9.9934336
1;DE1;DE;Ulm;48.3974003;9.9934336
2;DE14;DE;Ulm;48.3974003;9.9934336
3;DE144;DE;Ulm;48.3974003;9.9934336
0;DE;DE;Villingen-Schwenningen;48.0632359;8.4945022
1;DE1;DE;Villingen-Schwenningen;48.0632359;8.4945022
2;DE13;DE;Villingen-Schwenningen;48.0632359;8.4945022
3;DE136;DE;Villingen-Schwenningen;48.0632359;8.4945022
0;DE;DE;Weimar;50.9810486;11.3296637
1;DEG;DE;Weimar;50.9810486;11.3296637
2;DEG0;DE;Weimar;50.9810486;11.3296637
3;DEG05;DE;Weimar;50.9810486;11.3296637
0;DE;DE;Wetzlar;50.5525346;8.5074406
1;DE7;DE;Wetzlar;50.5525346;8.5074406
2;DE72;DE;Wetzlar;50.5525346;8.5074406
3;DE722;DE;Wetzlar;50.5525346;8.5074406
0;DE;DE;Wiesbaden;50.0820384;8.2416556
1;DE7;DE;Wiesbaden;50.0820384;8.2416556
2;DE71;DE;Wiesbaden;50.0820384;8.2416556
3;DE714;DE;Wiesbaden;50.0820384;8.2416556
0;DE;DE;Witten;51.4370171;7.335124
1;DEA;DE;Witten;51.4370171;7.335124
2;DEA5;DE;Witten;51.4370171;7.335124
3;DEA56;DE;Witten;51.4370171;7.335124
0;DE;DE;Wolfsburg;52.4205588;10.7861682
1;DE9;DE;Wolfsburg;52.4205588;10.7861682
2;DE91;DE;Wolfsburg;52.4205588;10.7861682
3;DE913;DE;Wolfsburg;52.4205588;10.7861682
0;DE;DE;Wuppertal;51.264018;7.1780374
1;DEA;DE;Wuppertal;51.264018;7.1780374
2;DEA1;DE;Wuppertal;51.264018;7.1780374
3;DEA1A;DE;Wuppertal;51.264018;7.1780374
0;DE;DE;Würzburg;49.79245;9.932966
1;DE2;DE;Würzburg;49.79245;9.932966
2;DE26;DE;Würzburg;49.79245;9.932966
3;DE263;DE;Würzburg;49.79245;9.932966
0;DE;DE;Zwickau;50.7185043;12.4939267
1;DED;DE;Zwickau;50.7185043;12.4939267
2;DED4;DE;Zwickau;50.7185043;12.4939267
3;DED45;DE;Zwickau;50.7185043;12.4939267
0;DK;DK;Aalborg;57.0462626;9.9215263
1;DK0;DK;Aalborg;57.0462626;9.9215263
2;DK05;DK;Aalborg;57.0462626;9.9215263
3;DK050;DK;Aalborg;57.0462626;9.9215263
0;DK;DK;Odense;55.3997225;10.3852104
1;DK0;DK;Odense;55.3997225;10.3852104
2;DK03;DK;Odense;55.3997225;10.3852104
3;DK031;DK;Odense;55.3997225;10.3852104
0;EE;EE;Narva;59.3766729;28.1921457
1;EE0;EE;Narva;59.3766729;28.1921457
2;EE00;EE;Narva;59.3766729;28.1921457
3;EE00A;EE;Narva;59.3766729;28.1921457
0;EE;EE;Tallinn;59.4372155;24.7453688
1;EE0;EE;Tallinn;59.4372155;24.7453688
2;EE00;EE;Tallinn;59.4372155;24.7453688
3;EE001;EE;Tallinn;59.4372155;24.7453688
0;EE;EE;Tartu;58.3801207;26.72245
1;EE0;EE;Tartu;58.3801207;26.72245
2;EE00;EE;Tartu;58.3801207;26.72245
3;EE008;EE;Tartu;58.3801207;26.72245
0;ES;ES;A Coruña;43.3709703;-8.3959425
1;ES1;ES;A Coruña;43.3709703;-8.3959425
2;ES11;ES;A Coruña;43.3709703;-8.3959425
3;ES111;ES;A Coruña;43.3709703;-8.3959425
0;ES;ES;Albacete;38.9950921;-1.8559154
1;ES4;ES;Albacete;38.9950921;-1.8559154
2;ES42;ES;Albacete;38.9950921;-1.8559154
3;ES421;ES;Albacete;38.9950921;-1.8559154
0;ES;ES;Alcalá de Henares;40.4818396;-3.3644973
1;ES3;ES;Alcalá de Henares;40.4818396;-3.3644973
2;ES30;ES;Alcalá de Henares;40.4818396;-3.3644973
3;ES300;ES;Alcalá de Henares;40.4818396;-3.3644973
0;ES;ES;Alcobendas;40.5400082;-3.6358494
1;ES3;ES;Alcobendas;40.5400082;-3.6358494
2;ES30;ES;Alcobendas;40.5400082;-3.6358494
3;ES300;ES;Alcobendas;40.5400082;-3.6358494
0;ES;ES;Alcorcón;40.3492998;-3.8284295
1;ES3;ES;Alcorcón;40.3492998;-3.8284295
2;ES30;ES;Alcorcón;40.3492998;-3.8284295
3;ES300;ES;Alcorcón;40.3492998;-3.8284295
0;ES;ES;Algeciras;36.1311725;-5.4473991
1;ES6;ES;Algeciras;36.1311725;-5.4473991
2;ES61;ES;Algeciras;36.1311725;-5.4473991
3;ES612;ES;Algeciras;36.1311725;-5.4473991
0;ES;ES;Arrecife;28.9639681;-13.5499014
1;ES7;ES;Arrecife;28.9639681;-13.5499014
2;ES70;ES;Arrecife;28.9639681;-13.5499014
3;ES708;ES;Arrecife;28.9639681;-13.5499014
0;ES;ES;Avilés;43.5554436;-5.9222466
1;ES1;ES;Avilés;43.5554436;-5.9222466
2;ES12;ES;Avilés;43.5554436;-5.9222466
3;ES120;ES;Avilés;43.5554436;-5.9222466
0;ES;ES;Badajoz;38.88964355;-6.980142450723942
1;ES4;ES;Badajoz;38.88964355;-6.980142450723942
2;ES43;ES;Badajoz;38.88964355;-6.980142450723942
3;ES431;ES;Badajoz;38.88964355;-6.980142450723942
0;ES;ES;Barcelona;41.3828939;2.1774322
1;ES5;ES;Barcelona;41.3828939;2.1774322
2;ES51;ES;Barcelona;41.3828939;2.1774322
3;ES511;ES;Barcelona;41.3828939;2.1774322
0;ES;ES;Benidorm;38.5406255;-0.1290929
1;ES5;ES;Benidorm;38.5406255;-0.1290929
2;ES52;ES;Benidorm;38.5406255;-0.1290929
3;ES521;ES;Benidorm;38.5406255;-0.1290929
0;ES;ES;Bilbao;43.2630018;-2.9350039
1;ES2;ES;Bilbao;43.2630018;-2.9350039
2;ES21;ES;Bilbao;43.2630018;-2.9350039
3;ES213;ES;Bilbao;43.2630018;-2.9350039
0;ES;ES;Burgos;42.343926;-3.696977
1;ES4;ES;Burgos;42.343926;-3.696977
2;ES41;ES;Burgos;42.343926;-3.696977
3;ES412;ES;Burgos;42.343926;-3.696977
0;ES;ES;Cáceres;39.4745175;-6.3716761
1;ES4;ES;Cáceres;39.4745175;-6.3716761
2;ES43;ES;Cáceres;39.4745175;-6.3716761
3;ES432;ES;Cáceres;39.4745175;-6.3716761
0;ES;ES;Cádiz;36.5297438;-6.2928976
1;ES6;ES;Cádiz;36.5297438;-6.2928976
2;ES61;ES;Cádiz;36.5297438;-6.2928976
3;ES612;ES;Cádiz;36.5297438;-6.2928976
0;ES;ES;Cartagena;37.6019353;-0.9841152
1;ES6;ES;Cartagena;37.6019353;-0.9841152
2;ES62;ES;Cartagena;37.6019353;-0.9841152
3;ES620;ES;Cartagena;37.6019353;-0.9841152
0;ES;ES;Ciudad Real;38.9854201;-3.9285138
1;ES4;ES;Ciudad Real;38.9854201;-3.9285138
2;ES42;ES;Ciudad Real;38.9854201;-3.9285138
3;ES422;ES;Ciudad Real;38.9854201;-3.9285138
0;ES;ES;Coslada;40.423802;-3.5552882
1;ES3;ES;Coslada;40.423802;-3.5552882
2;ES30;ES;Coslada;40.423802;-3.5552882
3;ES300;ES;Coslada;40.423802;-3.5552882
0;ES;ES;Dos Hermanas;37.283689;-5.9226718
1;ES6;ES;Dos Hermanas;37.283689;-5.9226718
2;ES61;ES;Dos Hermanas;37.283689;-5.9226718
3;ES618;ES;Dos Hermanas;37.283689;-5.9226718
0;ES;ES;Elda;38.4789671;-0.7956759
1;ES5;ES;Elda;38.4789671;-0.7956759
2;ES52;ES;Elda;38.4789671;-0.7956759
3;ES521;ES;Elda;38.4789671;-0.7956759
0;ES;ES;Ferrol;43.4846862;-8.233162
1;ES1;ES;Ferrol;43.4846862;-8.233162
2;ES11;ES;Ferrol;43.4846862;-8.233162
3;ES111;ES;Ferrol;43.4846862;-8.233162
0;ES;ES;Gandia;38.9675925;-0.1803423
1;ES5;ES;Gandia;38.9675925;-0.1803423
2;ES52;ES;Gandia;38.9675925;-0.1803423
3;ES523;ES;Gandia;38.9675925;-0.1803423
0;ES;ES;Getafe;40.3081807;-3.7302679
1;ES3;ES;Getafe;40.3081807;-3.7302679
2;ES30;ES;Getafe;40.3081807;-3.7302679
3;ES300;ES;Getafe;40.3081807;-3.7302679
0;ES;ES;Girona;41.9793006;2.8199439
1;ES5;ES;Girona;41.9793006;2.8199439
2;ES51;ES;Girona;41.9793006;2.8199439
3;ES512;ES;Girona;41.9793006;2.8199439
0;ES;ES;Granada;37.1734995;-3.5995337
1;ES6;ES;Granada;37.1734995;-3.5995337
2;ES61;ES;Granada;37.1734995;-3.5995337
3;ES614;ES;Granada;37.1734995;-3.5995337
0;ES;ES;Granollers;41.6079555;2.2876008
1;ES5;ES;Granollers;41.6079555;2.2876008
2;ES51;ES;Granollers;41.6079555;2.2876008
3;ES511;ES;Granollers;41.6079555;2.2876008
0;ES;ES;Guadalajara;40.6326979;-3.1646067
1;ES4;ES;Guadalajara;40.6326979;-3.1646067
2;ES42;ES;Guadalajara;40.6326979;-3.1646067
3;ES424;ES;Guadalajara;40.6326979;-3.1646067
0;ES;ES;Jaén;37.7728858;-3.7883289
1;ES6;ES;Jaén;37.7728858;-3.7883289
2;ES61;ES;Jaén;37.7728858;-3.7883289
3;ES616;ES;Jaén;37.7728858;-3.7883289
0;ES;ES;Las Palmas;28.3472919;-16.8451184
1;ES7;ES;Las Palmas;28.3472919;-16.8451184
2;ES70;ES;Las Palmas;28.3472919;-16.8451184
3;ES709;ES;Las Palmas;28.3472919;-16.8451184
0;ES;ES;Leganés;40.3281942;-3.76527
1;ES3;ES;Leganés;40.3281942;-3.76527
2;ES30;ES;Leganés;40.3281942;-3.76527
3;ES300;ES;Leganés;40.3281942;-3.76527
0;ES;ES;León;42.5989995;-5.5682413
1;ES4;ES;León;42.5989995;-5.5682413
2;ES41;ES;León;42.5989995;-5.5682413
3;ES413;ES;León;42.5989995;-5.5682413
0;ES;ES;Lleida;41.6147605;0.6267842
1;ES5;ES;Lleida;41.6147605;0.6267842
2;ES51;ES;Lleida;41.6147605;0.6267842
3;ES513;ES;Lleida;41.6147605;0.6267842
0;ES;ES;Logroño;42.4661196;-2.4396676
1;ES2;ES;Logroño;42.4661196;-2.4396676
2;ES23;ES;Logroño;42.4661196;-2.4396676
3;ES230;ES;Logroño;42.4661196;-2.4396676
0;ES;ES;Lugo;43.0118437;-7.5565749
1;ES1;ES;Lugo;43.0118437;-7.5565749
2;ES11;ES;Lugo;43.0118437;-7.5565749
3;ES112;ES;Lugo;43.0118437;-7.5565749
0;ES;ES;Madrid;40.4167047;-3.7035825
1;ES3;ES;Madrid;40.4167047;-3.7035825
2;ES30;ES;Madrid;40.4167047;-3.7035825
3;ES300;ES;Madrid;40.4167047;-3.7035825
0;ES;ES;Majadahonda;40.473055;-3.8724138
1;ES3;ES;Majadahonda;40.473055;-3.8724138
2;ES30;ES;Majadahonda;40.473055;-3.8724138
3;ES300;ES;Majadahonda;40.473055;-3.8724138
0;ES;ES;Málaga;36.7213028;-4.4216366
1;ES6;ES;Málaga;36.7213028;-4.4216366
2;ES61;ES;Málaga;36.7213028;-4.4216366
3;ES617;ES;Málaga;36.7213028;-4.4216366
0;ES;ES;Manresa;41.7288939;1.8286765
1;ES5;ES;Manresa;41.7288939;1.8286765
2;ES51;ES;Manresa;41.7288939;1.8286765
3;ES511;ES;Manresa;41.7288939;1.8286765
0;ES;ES;Marbella;36.508976;-4.88562
1;ES6;ES;Marbella;36.508976;-4.88562
2;ES61;ES;Marbella;36.508976;-4.88562
3;ES617;ES;Marbella;36.508976;-4.88562
0;ES;ES;Mataró;41.5398348;2.4448926
1;ES5;ES;Mataró;41.5398348;2.4448926
2;ES51;ES;Mataró;41.5398348;2.4448926
3;ES511;ES;Mataró;41.5398348;2.4448926
0;ES;ES;Mollet del Vallès;41.5393484;2.2130934
1;ES5;ES;Mollet del Vallès;41.5393484;2.2130934
2;ES51;ES;Mollet del Vallès;41.5393484;2.2130934
3;ES511;ES;Mollet del Vallès;41.5393484;2.2130934
0;ES;ES;Móstoles;40.3238525;-3.8649214
1;ES3;ES;Móstoles;40.3238525;-3.8649214
2;ES30;ES;Móstoles;40.3238525;-3.8649214
3;ES300;ES;Móstoles;40.3238525;-3.8649214
0;ES;ES;Murcia;37.9923795;-1.1305431
1;ES6;ES;Murcia;37.9923795;-1.1305431
2;ES62;ES;Murcia;37.9923795;-1.1305431
3;ES620;ES;Murcia;37.9923795;-1.1305431
0;ES;ES;Ourense;42.3436415;-7.8674242
1;ES1;ES;Ourense;42.3436415;-7.8674242
2;ES11;ES;Ourense;42.3436415;-7.8674242
3;ES113;ES;Ourense;42.3436415;-7.8674242
0;ES;ES;Oviedo;43.3604218;-5.8450534
1;ES1;ES;Oviedo;43.3604218;-5.8450534
2;ES12;ES;Oviedo;43.3604218;-5.8450534
3;ES120;ES;Oviedo;43.3604218;-5.8450534
0;ES;ES;Palencia;42.0108856;-4.5328735
1;ES4;ES;Palencia;42.0108856;-4.5328735
2;ES41;ES;Palencia;42.0108856;-4.5328735
3;ES414;ES;Palencia;42.0108856;-4.5328735
0;ES;ES;Ponferrada;42.5454124;-6.5938719
1;ES4;ES;Ponferrada;42.5454124;-6.5938719
2;ES41;ES;Ponferrada;42.5454124;-6.5938719
3;ES413;ES;Ponferrada;42.5454124;-6.5938719
0;ES;ES;Pontevedra;42.4318876;-8.6431592
1;ES1;ES;Pontevedra;42.4318876;-8.6431592
2;ES11;ES;Pontevedra;42.4318876;-8.6431592
3;ES114;ES;Pontevedra;42.4318876;-8.6431592
0;ES;ES;Salamanca;40.9651572;-5.6640182
1;ES4;ES;Salamanca;40.9651572;-5.6640182
2;ES41;ES;Salamanca;40.9651572;-5.6640182
3;ES415;ES;Salamanca;40.9651572;-5.6640182
0;ES;ES;Santa Cruz de Tenerife;28.469648;-16.2540884
1;ES7;ES;Santa Cruz de Tenerife;28.469648;-16.2540884
2;ES70;ES;Santa Cruz de Tenerife;28.469648;-16.2540884
3;ES709;ES;Santa Cruz de Tenerife;28.469648;-16.2540884
0;ES;ES;Santiago de Compostela;42.8804219;-8.5458608
1;ES1;ES;Santiago de Compostela;42.8804219;-8.5458608
2;ES11;ES;Santiago de Compostela;42.8804219;-8.5458608
3;ES111;ES;Santiago de Compostela;42.8804219;-8.5458608
0;ES;ES;Talavera de la Reina;39.9603798;-4.8311717
1;ES4;ES;Talavera de la Reina;39.9603798;-4.8311717
2;ES42;ES;Talavera de la Reina;39.9603798;-4.8311717
3;ES425;ES;Talavera de la Reina;39.9603798;-4.8311717
0;ES;ES;Tarragona;41.1172364;1.2546057
1;ES5;ES;Tarragona;41.1172364;1.2546057
2;ES51;ES;Tarragona;41.1172364;1.2546057
3;ES514;ES;Tarragona;41.1172364;1.2546057
0;ES;ES;Telde;27.9813108;-15.4242731
1;ES7;ES;Telde;27.9813108;-15.4242731
2;ES70;ES;Telde;27.9813108;-15.4242731
3;ES705;ES;Telde;27.9813108;-15.4242731
0;ES;ES;Terrassa;41.5629623;2.0100492
1;ES5;ES;Terrassa;41.5629623;2.0100492
2;ES51;ES;Terrassa;41.5629623;2.0100492
3;ES511;ES;Terrassa;41.5629623;2.0100492
0;ES;ES;Torrejón de Ardoz;40.4587767;-3.4793343
1;ES3;ES;Torrejón de Ardoz;40.4587767;-3.4793343
2;ES30;ES;Torrejón de Ardoz;40.4587767;-3.4793343
3;ES300;ES;Torrejón de Ardoz;40.4587767;-3.4793343
0;ES;ES;Torrevieja;37.9775416;-0.6828446
1;ES5;ES;Torrevieja;37.9775416;-0.6828446
2;ES52;ES;Torrevieja;37.9775416;-0.6828446
3;ES521;ES;Torrevieja;37.9775416;-0.6828446
0;ES;ES;Valencia;39.4697065;-0.3763353
1;ES5;ES;Valencia;39.4697065;-0.3763353
2;ES52;ES;Valencia;39.4697065;-0.3763353
3;ES523;ES;Valencia;39.4697065;-0.3763353
0;ES;ES;Valladolid;41.6521328;-4.728562
1;ES4;ES;Valladolid;41.6521328;-4.728562
2;ES41;ES;Valladolid;41.6521328;-4.728562
3;ES418;ES;Valladolid;41.6521328;-4.728562
0;ES;ES;Viladecans;41.3163083;2.0156034
1;ES5;ES;Viladecans;41.3163083;2.0156034
2;ES51;ES;Viladecans;41.3163083;2.0156034
3;ES511;ES;Viladecans;41.3163083;2.0156034
0;ES;ES;Vilanova i la Geltrú;41.2241992;1.7256327
1;ES5;ES;Vilanova i la Geltrú;41.2241992;1.7256327
2;ES51;ES;Vilanova i la Geltrú;41.2241992;1.7256327
3;ES511;ES;Vilanova i la Geltrú;41.2241992;1.7256327
0;ES;ES;Zamora;41.5056574;-5.7448039
1;ES4;ES;Zamora;41.5056574;-5.7448039
2;ES41;ES;Zamora;41.5056574;-5.7448039
3;ES419;ES;Zamora;41.5056574;-5.7448039
0;ES;ES;Zaragoza;41.6521342;-0.8809428
1;ES2;ES;Zaragoza;41.6521342;-0.8809428
2;ES24;ES;Zaragoza;41.6521342;-0.8809428
3;ES243;ES;Zaragoza;41.6521342;-0.8809428
0;FI;FI;Jyväskylä;62.2393431;25.7458236
1;FI1;FI;Jyväskylä;62.2393431;25.7458236
2;FI19;FI;Jyväskylä;62.2393431;25.7458236
3;FI193;FI;Jyväskylä;62.2393431;25.7458236
0;FI;FI;Kuopio;62.8241424;27.594561484488977
1;FI1;FI;Kuopio;62.8241424;27.594561484488977
2;FI1D;FI;Kuopio;62.8241424;27.594561484488977
3;FI1D2;FI;Kuopio;62.8241424;27.594561484488977
0;FR;FR;Aix-en-Provence;43.5298424;5.4474738
1;FRL;FR;Aix-en-Provence;43.5298424;5.4474738
2;FRL0;FR;Aix-en-Provence;43.5298424;5.4474738
3;FRL04;FR;Aix-en-Provence;43.5298424;5.4474738
0;FR;FR;Ajaccio;41.9263991;8.7376029
1;FRM;FR;Ajaccio;41.9263991;8.7376029
2;FRM0;FR;Ajaccio;41.9263991;8.7376029
3;FRM01;FR;Ajaccio;41.9263991;8.7376029
0;FR;FR;Albi;43.9277552;2.147899
1;FRJ;FR;Albi;43.9277552;2.147899
2;FRJ2;FR;Albi;43.9277552;2.147899
3;FRJ27;FR;Albi;43.9277552;2.147899
0;FR;FR;Amiens;49.8941708;2.2956951
1;FRE;FR;Amiens;49.8941708;2.2956951
2;FRE2;FR;Amiens;49.8941708;2.2956951
3;FRE23;FR;Amiens;49.8941708;2.2956951
0;FR;FR;Angers;47.4739884;-0.5515588
1;FRG;FR;Angers;47.4739884;-0.5515588
2;FRG0;FR;Angers;47.4739884;-0.5515588
3;FRG02;FR;Angers;47.4739884;-0.5515588
0;FR;FR;Annecy;45.8992348;6.1288847
1;FRK;FR;Annecy;45.8992348;6.1288847
2;FRK2;FR;Annecy;45.8992348;6.1288847
3;FRK28;FR;Annecy;45.8992348;6.1288847
0;FR;FR;Annemasse;46.1934005;6.2341093
1;FRK;FR;Annemasse;46.1934005;6.2341093
2;FRK2;FR;Annemasse;46.1934005;6.2341093
3;FRK28;FR;Annemasse;46.1934005;6.2341093
0;FR;FR;Arras;50.291048;2.7772211
1;FRE;FR;Arras;50.291048;2.7772211
2;FRE1;FR;Arras;50.291048;2.7772211
3;FRE12;FR;Arras;50.291048;2.7772211
0;FR;FR;Aubagne;43.2924385;5.5703031
1;FRL;FR;Aubagne;43.2924385;5.5703031
2;FRL0;FR;Aubagne;43.2924385;5.5703031
3;FRL04;FR;Aubagne;43.2924385;5.5703031
0;FR;FR;Avignon;43.9492493;4.8059012
1;FRL;FR;Avignon;43.9492493;4.8059012
2;FRL0;FR;Avignon;43.9492493;4.8059012
3;FRL06;FR;Avignon;43.9492493;4.8059012
0;FR;FR;Bayonne;43.4945144;-1.4736657
1;FRI;FR;Bayonne;43.4945144;-1.4736657
2;FRI1;FR;Bayonne;43.4945144;-1.4736657
3;FRI15;FR;Bayonne;43.4945144;-1.4736657
0;FR;FR;Beauvais;49.4300997;2.0823355
1;FRE;FR;Beauvais;49.4300997;2.0823355
2;FRE2;FR;Beauvais;49.4300997;2.0823355
3;FRE22;FR;Beauvais;49.4300997;2.0823355
0;FR;FR;Belfort;47.6379599;6.8628942
1;FRC;FR;Belfort;47.6379599;6.8628942
2;FRC2;FR;Belfort;47.6379599;6.8628942
3;FRC24;FR;Belfort;47.6379599;6.8628942
0;FR;FR;Besançon;47.2380222;6.0243622
1;FRC;FR;Besançon;47.2380222;6.0243622
2;FRC2;FR;Besançon;47.2380222;6.0243622
3;FRC21;FR;Besançon;47.2380222;6.0243622
0;FR;FR;Bordeaux;44.841225;-0.5800364
1;FRI;FR;Bordeaux;44.841225;-0.5800364
2;FRI1;FR;Bordeaux;44.841225;-0.5800364
3;FRI12;FR;Bordeaux;44.841225;-0.5800364
0;FR;FR;Bourges;47.0811658;2.399125
1;FRB;FR;Bourges;47.0811658;2.399125
2;FRB0;FR;Bourges;47.0811658;2.399125
3;FRB01;FR;Bourges;47.0811658;2.399125
0;FR;FR;Brest;48.3905283;-4.4860088
1;FRH;FR;Brest;48.3905283;-4.4860088
2;FRH0;FR;Brest;48.3905283;-4.4860088
3;FRH02;FR;Brest;48.3905283;-4.4860088
0;FR;FR;Brive-la-Gaillarde;45.1584982;1.5332389
1;FRI;FR;Brive-la-Gaillarde;45.1584982;1.5332389
2;FRI2;FR;Brive-la-Gaillarde;45.1584982;1.5332389
3;FRI21;FR;Brive-la-Gaillarde;45.1584982;1.5332389
0;FR;FR;Caen;49.1813403;-0.3635615
1;FRD;FR;Caen;49.1813403;-0.3635615
2;FRD1;FR;Caen;49.1813403;-0.3635615
3;FRD11;FR;Caen;49.1813403;-0.3635615
0;FR;FR;Calais;50.9524769;1.8538446
1;FRE;FR;Calais;50.9524769;1.8538446
2;FRE1;FR;Calais;50.9524769;1.8538446
3;FRE12;FR;Calais;50.9524769;1.8538446
0;FR;FR;Châlons-en-Champagne;48.9566218;4.3628851
1;FRF;FR;Châlons-en-Champagne;48.9566218;4.3628851
2;FRF2;FR;Châlons-en-Champagne;48.9566218;4.3628851
3;FRF23;FR;Châlons-en-Champagne;48.9566218;4.3628851
0;FR;FR;Chalon-sur-Saône;46.7888997;4.8529605
1;FRC;FR;Chalon-sur-Saône;46.7888997;4.8529605
2;FRC1;FR;Chalon-sur-Saône;46.7888997;4.8529605
3;FRC13;FR;Chalon-sur-Saône;46.7888997;4.8529605
0;FR;FR;Charleville-Mézières;49.7735712;4.7206939
1;FRF;FR;Charleville-Mézières;49.7735712;4.7206939
2;FRF2;FR;Charleville-Mézières;49.7735712;4.7206939
3;FRF21;FR;Charleville-Mézières;49.7735712;4.7206939
0;FR;FR;Chartres;48.4438601;1.4881434
1;FRB;FR;Chartres;48.4438601;1.4881434
2;FRB0;FR;Chartres;48.4438601;1.4881434
3;FRB02;FR;Chartres;48.4438601;1.4881434
0;FR;FR;Châteauroux;46.8203785;1.6770956
1;FRB;FR;Châteauroux;46.8203785;1.6770956
2;FRB0;FR;Châteauroux;46.8203785;1.6770956
3;FRB03;FR;Châteauroux;46.8203785;1.6770956
0;FR;FR;Cherbourg;49.51271975;-1.5755441090380597
1;FRD;FR;Cherbourg;49.51271975;-1.5755441090380597
2;FRD1;FR;Cherbourg;49.51271975;-1.5755441090380597
3;FRD12;FR;Cherbourg;49.51271975;-1.5755441090380597
0;FR;FR;Clermont-Ferrand;45.7774551;3.0819427
1;FRK;FR;Clermont-Ferrand;45.7774551;3.0819427
2;FRK1;FR;Clermont-Ferrand;45.7774551;3.0819427
3;FRK14;FR;Clermont-Ferrand;45.7774551;3.0819427
0;FR;FR;Colmar;48.0777517;7.3579641
1;FRF;FR;Colmar;48.0777517;7.3579641
2;FRF1;FR;Colmar;48.0777517;7.3579641
3;FRF12;FR;Colmar;48.0777517;7.3579641
0;FR;FR;Compiègne;49.4179497;2.8263171
1;FRE;FR;Compiègne;49.4179497;2.8263171
2;FRE2;FR;Compiègne;49.4179497;2.8263171
3;FRE22;FR;Compiègne;49.4179497;2.8263171
0;FR;FR;Creil;49.2607914;2.4733771
1;FRE;FR;Creil;49.2607914;2.4733771
2;FRE2;FR;Creil;49.2607914;2.4733771
3;FRE22;FR;Creil;49.2607914;2.4733771
0;FR;FR;Douai;50.3675677;3.0804641
1;FRE;FR;Douai;50.3675677;3.0804641
2;FRE1;FR;Douai;50.3675677;3.0804641
3;FRE11;FR;Douai;50.3675677;3.0804641
0;FR;FR;Dunkerque;51.0277001;2.373471825660595
1;FRE;FR;Dunkerque;51.0277001;2.373471825660595
2;FRE1;FR;Dunkerque;51.0277001;2.373471825660595
3;FRE11;FR;Dunkerque;51.0277001;2.373471825660595
0;FR;FR;Fort-de-France;14.6027962;-61.0676724
1;FRY;FR;Fort-de-France;14.6027962;-61.0676724
2;FRY2;FR;Fort-de-France;14.6027962;-61.0676724
3;FRY20;FR;Fort-de-France;14.6027962;-61.0676724
0;FR;FR;Fréjus;43.4330308;6.7360182
1;FRL;FR;Fréjus;43.4330308;6.7360182
2;FRL0;FR;Fréjus;43.4330308;6.7360182
3;FRL05;FR;Fréjus;43.4330308;6.7360182
0;FR;FR;Grenoble;45.1875602;5.7357819
1;FRK;FR;Grenoble;45.1875602;5.7357819
2;FRK2;FR;Grenoble;45.1875602;5.7357819
3;FRK24;FR;Grenoble;45.1875602;5.7357819
0;FR;FR;La Rochelle;46.1591126;-1.1520434
1;FRI;FR;La Rochelle;46.1591126;-1.1520434
2;FRI3;FR;La Rochelle;46.1591126;-1.1520434
3;FRI32;FR;La Rochelle;46.1591126;-1.1520434
0;FR;FR;Le Havre;49.4938975;0.1079732
1;FRD;FR;Le Havre;49.4938975;0.1079732
2;FRD2;FR;Le Havre;49.4938975;0.1079732
3;FRD22;FR;Le Havre;49.4938975;0.1079732
0;FR;FR;Le Mans;48.0073849;0.1967849
1;FRG;FR;Le Mans;48.0073849;0.1967849
2;FRG0;FR;Le Mans;48.0073849;0.1967849
3;FRG04;FR;Le Mans;48.0073849;0.1967849
0;FR;FR;Lille;50.6365654;3.0635282
1;FRE;FR;Lille;50.6365654;3.0635282
2;FRE1;FR;Lille;50.6365654;3.0635282
3;FRE11;FR;Lille;50.6365654;3.0635282
0;FR;FR;Limoges;45.8354243;1.2644847
1;FRI;FR;Limoges;45.8354243;1.2644847
2;FRI2;FR;Limoges;45.8354243;1.2644847
3;FRI23;FR;Limoges;45.8354243;1.2644847
0;FR;FR;Lorient;47.7477336;-3.3660907
1;FRH;FR;Lorient;47.7477336;-3.3660907
2;FRH0;FR;Lorient;47.7477336;-3.3660907
3;FRH04;FR;Lorient;47.7477336;-3.3660907
0;FR;FR;Lyon;45.7578137;4.8320114
1;FRK;FR;Lyon;45.7578137;4.8320114
2;FRK2;FR;Lyon;45.7578137;4.8320114
3;FRK26;FR;Lyon;45.7578137;4.8320114
0;FR;FR;Marseille;43.2961743;5.3699525
1;FRL;FR;Marseille;43.2961743;5.3699525
2;FRL0;FR;Marseille;43.2961743;5.3699525
3;FRL04;FR;Marseille;43.2961743;5.3699525
0;FR;FR;Martigues;43.4057279;5.0548176
1;FRL;FR;Martigues;43.4057279;5.0548176
2;FRL0;FR;Martigues;43.4057279;5.0548176
3;FRL04;FR;Martigues;43.4057279;5.0548176
0;FR;FR;Melun;48.539927;2.6608169
1;FR1;FR;Melun;48.539927;2.6608169
2;FR10;FR;Melun;48.539927;2.6608169
3;FR102;FR;Melun;48.539927;2.6608169
0;FR;FR;Metz;49.1196964;6.1763552
1;FRF;FR;Metz;49.1196964;6.1763552
2;FRF3;FR;Metz;49.1196964;6.1763552
3;FRF33;FR;Metz;49.1196964;6.1763552
0;FR;FR;Montpellier;43.6112422;3.8767337
1;FRJ;FR;Montpellier;43.6112422;3.8767337
2;FRJ1;FR;Montpellier;43.6112422;3.8767337
3;FRJ13;FR;Montpellier;43.6112422;3.8767337
0;FR;FR;Mulhouse;47.7467233;7.3389937
1;FRF;FR;Mulhouse;47.7467233;7.3389937
2;FRF1;FR;Mulhouse;47.7467233;7.3389937
3;FRF12;FR;Mulhouse;47.7467233;7.3389937
0;FR;FR;Nancy;48.6937223;6.1834097
1;FRF;FR;Nancy;48.6937223;6.1834097
2;FRF3;FR;Nancy;48.6937223;6.1834097
3;FRF31;FR;Nancy;48.6937223;6.1834097
0;FR;FR;Nantes;47.2186371;-1.5541362
1;FRG;FR;Nantes;47.2186371;-1.5541362
2;FRG0;FR;Nantes;47.2186371;-1.5541362
3;FRG01;FR;Nantes;47.2186371;-1.5541362
0;FR;FR;Nimes;43.8374249;4.3600687
1;FRJ;FR;Nimes;43.8374249;4.3600687
2;FRJ1;FR;Nimes;43.8374249;4.3600687
3;FRJ12;FR;Nimes;43.8374249;4.3600687
0;FR;FR;Niort;46.3241132;-0.4649403
1;FRI;FR;Niort;46.3241132;-0.4649403
2;FRI3;FR;Niort;46.3241132;-0.4649403
3;FRI33;FR;Niort;46.3241132;-0.4649403
0;FR;FR;Orléans;47.9027336;1.9086066
1;FRB;FR;Orléans;47.9027336;1.9086066
2;FRB0;FR;Orléans;47.9027336;1.9086066
3;FRB06;FR;Orléans;47.9027336;1.9086066
0;FR;FR;Paris;48.8588897;2.3200410217200766
1;FR1;FR;Paris;48.8588897;2.3200410217200766
2;FR10;FR;Paris;48.8588897;2.3200410217200766
3;FR101;FR;Paris;48.8588897;2.3200410217200766
0;FR;FR;Perpignan;42.6985304;2.8953121
1;FRJ;FR;Perpignan;42.6985304;2.8953121
2;FRJ1;FR;Perpignan;42.6985304;2.8953121
3;FRJ15;FR;Perpignan;42.6985304;2.8953121
0;FR;FR;Poitiers;46.5802596;0.340196
1;FRI;FR;Poitiers;46.5802596;0.340196
2;FRI3;FR;Poitiers;46.5802596;0.340196
3;FRI34;FR;Poitiers;46.5802596;0.340196
0;FR;FR;Quimper;47.9960325;-4.1024782
1;FRH;FR;Quimper;47.9960325;-4.1024782
2;FRH0;FR;Quimper;47.9960325;-4.1024782
3;FRH02;FR;Quimper;47.9960325;-4.1024782
0;FR;FR;Reims;49.2577886;4.031926
1;FRF;FR;Reims;49.2577886;4.031926
2;FRF2;FR;Reims;49.2577886;4.031926
3;FRF23;FR;Reims;49.2577886;4.031926
0;FR;FR;Rennes;48.1113387;-1.6800198
1;FRH;FR;Rennes;48.1113387;-1.6800198
2;FRH0;FR;Rennes;48.1113387;-1.6800198
3;FRH03;FR;Rennes;48.1113387;-1.6800198
0;FR;FR;Roanne;46.0345572;4.0729178
1;FRK;FR;Roanne;46.0345572;4.0729178
2;FRK2;FR;Roanne;46.0345572;4.0729178
3;FRK25;FR;Roanne;46.0345572;4.0729178
0;FR;FR;Rouen;49.4404591;1.0939658
1;FRD;FR;Rouen;49.4404591;1.0939658
2;FRD2;FR;Rouen;49.4404591;1.0939658
3;FRD22;FR;Rouen;49.4404591;1.0939658
0;FR;FR;Saint-Brieuc;48.5141134;-2.7603283
1;FRH;FR;Saint-Brieuc;48.5141134;-2.7603283
2;FRH0;FR;Saint-Brieuc;48.5141134;-2.7603283
3;FRH01;FR;Saint-Brieuc;48.5141134;-2.7603283
0;FR;FR;Saint-Etienne;44.6995545;4.8478246
1;FRK;FR;Saint-Etienne;44.6995545;4.8478246
2;FRK2;FR;Saint-Etienne;44.6995545;4.8478246
3;FRK23;FR;Saint-Etienne;44.6995545;4.8478246
0;FR;FR;Saint-Nazaire;47.2733517;-2.2138905
1;FRG;FR;Saint-Nazaire;47.2733517;-2.2138905
2;FRG0;FR;Saint-Nazaire;47.2733517;-2.2138905
3;FRG01;FR;Saint-Nazaire;47.2733517;-2.2138905
0;FR;FR;Saint-Quentin;49.8465253;3.2876843
1;FRE;FR;Saint-Quentin;49.8465253;3.2876843
2;FRE2;FR;Saint-Quentin;49.8465253;3.2876843
3;FRE21;FR;Saint-Quentin;49.8465253;3.2876843
0;FR;FR;Strasbourg;48.584614;7.7507127
1;FRF;FR;Strasbourg;48.584614;7.7507127
2;FRF1;FR;Strasbourg;48.584614;7.7507127
3;FRF11;FR;Strasbourg;48.584614;7.7507127
0;FR;FR;Tarbes;43.232858;0.0781021
1;FRJ;FR;Tarbes;43.232858;0.0781021
2;FRJ2;FR;Tarbes;43.232858;0.0781021
3;FRJ26;FR;Tarbes;43.232858;0.0781021
0;FR;FR;Toulon;43.1257311;5.9304919
1;FRL;FR;Toulon;43.1257311;5.9304919
2;FRL0;FR;Toulon;43.1257311;5.9304919
3;FRL05;FR;Toulon;43.1257311;5.9304919
0;FR;FR;Toulouse;43.6044622;1.4442469
1;FRJ;FR;Toulouse;43.6044622;1.4442469
2;FRJ2;FR;Toulouse;43.6044622;1.4442469
3;FRJ23;FR;Toulouse;43.6044622;1.4442469
0;FR;FR;Tours;47.3900474;0.6889268
1;FRB;FR;Tours;47.3900474;0.6889268
2;FRB0;FR;Tours;47.3900474;0.6889268
3;FRB04;FR;Tours;47.3900474;0.6889268
0;FR;FR;Troyes;48.2971626;4.0746257
1;FRF;FR;Troyes;48.2971626;4.0746257
2;FRF2;FR;Troyes;48.2971626;4.0746257
3;FRF22;FR;Troyes;48.2971626;4.0746257
0;FR;FR;Valence;44.9332277;4.8920811
1;FRK;FR;Valence;44.9332277;4.8920811
2;FRK2;FR;Valence;44.9332277;4.8920811
3;FRK23;FR;Valence;44.9332277;4.8920811
0;FR;FR;Valenciennes;50.3579317;3.5234846
1;FRE;FR;Valenciennes;50.3579317;3.5234846
2;FRE1;FR;Valenciennes;50.3579317;3.5234846
3;FRE11;FR;Valenciennes;50.3579317;3.5234846
0;FR;FR;Versailles;48.8035403;2.1266886
1;FR1;FR;Versailles;48.8035403;2.1266886
2;FR10;FR;Versailles;48.8035403;2.1266886
3;FR103;FR;Versailles;48.8035403;2.1266886
0;UK;GB;Barnsley;53.5527719;-1.4827755
1;UKE;GB;Barnsley;53.5527719;-1.4827755
2;UKE3;GB;Barnsley;53.5527719;-1.4827755
3;UKE31;GB;Barnsley;53.5527719;-1.4827755
0;UK;GB;Bedford;52.1363806;-0.4675041
1;UKH;GB;Bedford;52.1363806;-0.4675041
2;UKH2;GB;Bedford;52.1363806;-0.4675041
3;UKH24;GB;Bedford;52.1363806;-0.4675041
0;UK;GB;Belfast;54.596391;-5.9301829
1;UKN;GB;Belfast;54.596391;-5.9301829
2;UKN0;GB;Belfast;54.596391;-5.9301829
3;UKN06;GB;Belfast;54.596391;-5.9301829
0;UK;GB;Blackpool;53.8179442;-3.0509812
1;UKD;GB;Blackpool;53.8179442;-3.0509812
2;UKD4;GB;Blackpool;53.8179442;-3.0509812
3;UKD42;GB;Blackpool;53.8179442;-3.0509812
0;UK;GB;Bournemouth;50.720097;-1.8799272
1;UKK;GB;Bournemouth;50.720097;-1.8799272
2;UKK2;GB;Bournemouth;50.720097;-1.8799272
3;UKK24;GB;Bournemouth;50.720097;-1.8799272
0;UK;GB;Bradford;53.7944229;-1.7519186
1;UKE;GB;Bradford;53.7944229;-1.7519186
2;UKE4;GB;Bradford;53.7944229;-1.7519186
3;UKE41;GB;Bradford;53.7944229;-1.7519186
0;UK;GB;Bristol;51.4538022;-2.5972985
1;UKK;GB;Bristol;51.4538022;-2.5972985
2;UKK1;GB;Bristol;51.4538022;-2.5972985
3;UKK11;GB;Bristol;51.4538022;-2.5972985
0;UK;GB;Burnley;53.7907262;-2.2439196
1;UKD;GB;Burnley;53.7907262;-2.2439196
2;UKD4;GB;Burnley;53.7907262;-2.2439196
3;UKD46;GB;Burnley;53.7907262;-2.2439196
0;UK;GB;Cambridge;52.197584649999996;0.13915373736874398
1;UKH;GB;Cambridge;52.197584649999996;0.13915373736874398
2;UKH1;GB;Cambridge;52.197584649999996;0.13915373736874398
3;UKH12;GB;Cambridge;52.197584649999996;0.13915373736874398
0;UK;GB;Cannock Chase;52.7069197;-1.9784347546729857
1;UKG;GB;Cannock Chase;52.7069197;-1.9784347546729857
2;UKG2;GB;Cannock Chase;52.7069197;-1.9784347546729857
3;UKG24;GB;Cannock Chase;52.7069197;-1.9784347546729857
0;UK;GB;Cardiff;51.4816546;-3.1791934
1;UKL;GB;Cardiff;51.4816546;-3.1791934
2;UKL2;GB;Cardiff;51.4816546;-3.1791934
3;UKL22;GB;Cardiff;51.4816546;-3.1791934
0;UK;GB;Carlisle;54.8948478;-2.9362311
1;UKD;GB;Carlisle;54.8948478;-2.9362311
2;UKD1;GB;Carlisle;54.8948478;-2.9362311
3;UKD12;GB;Carlisle;54.8948478;-2.9362311
0;UK;GB;Chesterfield;53.2352134;-1.4264097
1;UKF;GB;Chesterfield;53.2352134;-1.4264097
2;UKF1;GB;Chesterfield;53.2352134;-1.4264097
3;UKF12;GB;Chesterfield;53.2352134;-1.4264097
0;UK;GB;Coventry;52.4081812;-1.510477
1;UKG;GB;Coventry;52.4081812;-1.510477
2;UKG3;GB;Coventry;52.4081812;-1.510477
3;UKG33;GB;Coventry;52.4081812;-1.510477
0;UK;GB;Crawley;51.1103444;-0.1801094
1;UKJ;GB;Crawley;51.1103444;-0.1801094
2;UKJ2;GB;Crawley;51.1103444;-0.1801094
3;UKJ28;GB;Crawley;51.1103444;-0.1801094
0;UK;GB;Darlington;54.5242081;-1.5555812
1;UKC;GB;Darlington;54.5242081;-1.5555812
2;UKC1;GB;Darlington;54.5242081;-1.5555812
3;UKC13;GB;Darlington;54.5242081;-1.5555812
0;UK;GB;Derby;52.9212617;-1.4761491
1;UKF;GB;Derby;52.9212617;-1.4761491
2;UKF1;GB;Derby;52.9212617;-1.4761491
3;UKF11;GB;Derby;52.9212617;-1.4761491
0;UK;GB;Derry;55.0248679;-4.7216847
1;UKM;GB;Derry;55.0248679;-4.7216847
2;UKM9;GB;Derry;55.0248679;-4.7216847
3;UKM92;GB;Derry;55.0248679;-4.7216847
0;UK;GB;Doncaster;53.5227681;-1.1335312
1;UKE;GB;Doncaster;53.5227681;-1.1335312
2;UKE3;GB;Doncaster;53.5227681;-1.1335312
3;UKE31;GB;Doncaster;53.5227681;-1.1335312
0;UK;GB;East Staffordshire;52.8878642;-1.9030802448726154
1;UKG;GB;East Staffordshire;52.8878642;-1.9030802448726154
2;UKG2;GB;East Staffordshire;52.8878642;-1.9030802448726154
3;UKG24;GB;East Staffordshire;52.8878642;-1.9030802448726154
0;UK;GB;Eastbourne;50.7664372;0.2781546
1;UKJ;GB;Eastbourne;50.7664372;0.2781546
2;UKJ2;GB;Eastbourne;50.7664372;0.2781546
3;UKJ22;GB;Eastbourne;50.7664372;0.2781546
0;UK;GB;Exeter;50.7255794;-3.5269497
1;UKK;GB;Exeter;50.7255794;-3.5269497
2;UKK4;GB;Exeter;50.7255794;-3.5269497
3;UKK43;GB;Exeter;50.7255794;-3.5269497
0;UK;GB;Falkirk;55.9991959;-3.784376
1;UKM;GB;Falkirk;55.9991959;-3.784376
2;UKM7;GB;Falkirk;55.9991959;-3.784376
3;UKM76;GB;Falkirk;55.9991959;-3.784376
0;UK;GB;Glasgow;55.8609825;-4.2488787
1;UKM;GB;Glasgow;55.8609825;-4.2488787
2;UKM8;GB;Glasgow;55.8609825;-4.2488787
3;UKM82;GB;Glasgow;55.8609825;-4.2488787
0;UK;GB;Gloucester;51.8653705;-2.2458192
1;UKK;GB;Gloucester;51.8653705;-2.2458192
2;UKK1;GB;Gloucester;51.8653705;-2.2458192
3;UKK13;GB;Gloucester;51.8653705;-2.2458192
0;UK;GB;Halton;51.7827392;-0.7329026
1;UKJ;GB;Halton;51.7827392;-0.7329026
2;UKJ1;GB;Halton;51.7827392;-0.7329026
3;UKJ13;GB;Halton;51.7827392;-0.7329026
0;UK;GB;Hartlepool;54.6857276;-1.2093696
1;UKC;GB;Hartlepool;54.6857276;-1.2093696
2;UKC1;GB;Hartlepool;54.6857276;-1.2093696
3;UKC11;GB;Hartlepool;54.6857276;-1.2093696
0;UK;GB;Hyndburn;53.7607317;-2.39005491388217
1;UKD;GB;Hyndburn;53.7607317;-2.39005491388217
2;UKD4;GB;Hyndburn;53.7607317;-2.39005491388217
3;UKD46;GB;Hyndburn;53.7607317;-2.39005491388217
0;UK;GB;Kirklees;53.64226345;-1.7809432689150708
1;UKE;GB;Kirklees;53.64226345;-1.7809432689150708
2;UKE4;GB;Kirklees;53.64226345;-1.7809432689150708
3;UKE44;GB;Kirklees;53.64226345;-1.7809432689150708
0;UK;GB;Leeds;53.7974185;-1.5437941
1;UKE;GB;Leeds;53.7974185;-1.5437941
2;UKE4;GB;Leeds;53.7974185;-1.5437941
3;UKE42;GB;Leeds;53.7974185;-1.5437941
0;UK;GB;Leicester;52.6362;-1.1331969
1;UKF;GB;Leicester;52.6362;-1.1331969
2;UKF2;GB;Leicester;52.6362;-1.1331969
3;UKF21;GB;Leicester;52.6362;-1.1331969
0;UK;GB;Lincoln;53.2336301;-0.5392172
1;UKF;GB;Lincoln;53.2336301;-0.5392172
2;UKF3;GB;Lincoln;53.2336301;-0.5392172
3;UKF30;GB;Lincoln;53.2336301;-0.5392172
0;UK;GB;Lisburn;54.5112913;-6.0466736
1;UKN;GB;Lisburn;54.5112913;-6.0466736
2;UKN0;GB;Lisburn;54.5112913;-6.0466736
3;UKN0E;GB;Lisburn;54.5112913;-6.0466736
0;UK;GB;Liverpool;53.4071991;-2.99168
1;UKD;GB;Liverpool;53.4071991;-2.99168
2;UKD7;GB;Liverpool;53.4071991;-2.99168
3;UKD72;GB;Liverpool;53.4071991;-2.99168
0;UK;GB;London;51.5073219;-0.1276474
1;UKI;GB;London;51.5073219;-0.1276474
2;UKI3;GB;London;51.5073219;-0.1276474
3;UKI32;GB;London;51.5073219;-0.1276474
0;UK;GB;Luton;51.8784385;-0.4152837
1;UKH;GB;Luton;51.8784385;-0.4152837
2;UKH2;GB;Luton;51.8784385;-0.4152837
3;UKH21;GB;Luton;51.8784385;-0.4152837
0;UK;GB;Maidstone;51.2748258;0.5231646
1;UKJ;GB;Maidstone;51.2748258;0.5231646
2;UKJ4;GB;Maidstone;51.2748258;0.5231646
3;UKJ45;GB;Maidstone;51.2748258;0.5231646
0;UK;GB;Mansfield;53.1447678;-1.1973365
1;UKF;GB;Mansfield;53.1447678;-1.1973365
2;UKF1;GB;Mansfield;53.1447678;-1.1973365
3;UKF15;GB;Mansfield;53.1447678;-1.1973365
0;UK;GB;Middlesbrough;54.5760419;-1.2344047
1;UKC;GB;Middlesbrough;54.5760419;-1.2344047
2;UKC1;GB;Middlesbrough;54.5760419;-1.2344047
3;UKC12;GB;Middlesbrough;54.5760419;-1.2344047
0;UK;GB;Milton Keynes;52.0406502;-0.7594092
1;UKJ;GB;Milton Keynes;52.0406502;-0.7594092
2;UKJ1;GB;Milton Keynes;52.0406502;-0.7594092
3;UKJ12;GB;Milton Keynes;52.0406502;-0.7594092
0;UK;GB;Newport;51.5882332;-2.9974967
1;UKL;GB;Newport;51.5882332;-2.9974967
2;UKL2;GB;Newport;51.5882332;-2.9974967
3;UKL21;GB;Newport;51.5882332;-2.9974967
0;UK;GB;Northampton;52.2381355;-0.8963907
1;UKF;GB;Northampton;52.2381355;-0.8963907
2;UKF2;GB;Northampton;52.2381355;-0.8963907
3;UKF24;GB;Northampton;52.2381355;-0.8963907
0;UK;GB;Norwich;52.6285694;1.2923049
1;UKH;GB;Norwich;52.6285694;1.2923049
2;UKH1;GB;Norwich;52.6285694;1.2923049
3;UKH15;GB;Norwich;52.6285694;1.2923049
0;UK;GB;Oxford;51.7520131;-1.2578499
1;UKJ;GB;Oxford;51.7520131;-1.2578499
2;UKJ1;GB;Oxford;51.7520131;-1.2578499
3;UKJ14;GB;Oxford;51.7520131;-1.2578499
0;UK;GB;Plymouth;50.3712659;-4.1425658
1;UKK;GB;Plymouth;50.3712659;-4.1425658
2;UKK4;GB;Plymouth;50.3712659;-4.1425658
3;UKK41;GB;Plymouth;50.3712659;-4.1425658
0;UK;GB;Portsmouth;50.8036831;-1.075614
1;UKJ;GB;Portsmouth;50.8036831;-1.075614
2;UKJ3;GB;Portsmouth;50.8036831;-1.075614
3;UKJ31;GB;Portsmouth;50.8036831;-1.075614
0;UK;GB;Preston;53.7593363;-2.6992717
1;UKD;GB;Preston;53.7593363;-2.6992717
2;UKD4;GB;Preston;53.7593363;-2.6992717
3;UKD45;GB;Preston;53.7593363;-2.6992717
0;UK;GB;Reading;51.456659;-0.9696512
1;UKJ;GB;Reading;51.456659;-0.9696512
2;UKJ1;GB;Reading;51.456659;-0.9696512
3;UKJ11;GB;Reading;51.456659;-0.9696512
0;UK;GB;Rotherham;53.4310417;-1.355187
1;UKE;GB;Rotherham;53.4310417;-1.355187
2;UKE3;GB;Rotherham;53.4310417;-1.355187
3;UKE31;GB;Rotherham;53.4310417;-1.355187
0;UK;GB;Sheffield;53.3806626;-1.4702278
1;UKE;GB;Sheffield;53.3806626;-1.4702278
2;UKE3;GB;Sheffield;53.3806626;-1.4702278
3;UKE32;GB;Sheffield;53.3806626;-1.4702278
0;UK;GB;Slough;51.5111014;-0.5940682
1;UKJ;GB;Slough;51.5111014;-0.5940682
2;UKJ1;GB;Slough;51.5111014;-0.5940682
3;UKJ11;GB;Slough;51.5111014;-0.5940682
0;UK;GB;Southampton;50.9025349;-1.404189
1;UKJ;GB;Southampton;50.9025349;-1.404189
2;UKJ3;GB;Southampton;50.9025349;-1.404189
3;UKJ32;GB;Southampton;50.9025349;-1.404189
0;UK;GB;Southend-on-Sea;51.5388241;0.7128137
1;UKH;GB;Southend-on-Sea;51.5388241;0.7128137
2;UKH3;GB;Southend-on-Sea;51.5388241;0.7128137
3;UKH31;GB;Southend-on-Sea;51.5388241;0.7128137
0;UK;GB;St Albans;51.753051;-0.3379675
1;UKH;GB;St Albans;51.753051;-0.3379675
2;UKH2;GB;St Albans;51.753051;-0.3379675
3;UKH23;GB;St Albans;51.753051;-0.3379675
0;UK;GB;Stevenage;51.9016663;-0.2027155
1;UKH;GB;Stevenage;51.9016663;-0.2027155
2;UKH2;GB;Stevenage;51.9016663;-0.2027155
3;UKH23;GB;Stevenage;51.9016663;-0.2027155
0;UK;GB;Stockton-on-Tees;54.564094;-1.3129164
1;UKC;GB;Stockton-on-Tees;54.564094;-1.3129164
2;UKC1;GB;Stockton-on-Tees;54.564094;-1.3129164
3;UKC11;GB;Stockton-on-Tees;54.564094;-1.3129164
0;UK;GB;Sunderland;54.9058512;-1.3828727
1;UKC;GB;Sunderland;54.9058512;-1.3828727
2;UKC2;GB;Sunderland;54.9058512;-1.3828727
3;UKC23;GB;Sunderland;54.9058512;-1.3828727
0;UK;GB;Swansea;51.6195955;-3.9459248
1;UKL;GB;Swansea;51.6195955;-3.9459248
2;UKL1;GB;Swansea;51.6195955;-3.9459248
3;UKL18;GB;Swansea;51.6195955;-3.9459248
0;UK;GB;Swindon;51.5613683;-1.7856853
1;UKK;GB;Swindon;51.5613683;-1.7856853
2;UKK1;GB;Swindon;51.5613683;-1.7856853
3;UKK14;GB;Swindon;51.5613683;-1.7856853
0;UK;GB;Wakefield;53.6829541;-1.4967286
1;UKE;GB;Wakefield;53.6829541;-1.4967286
2;UKE4;GB;Wakefield;53.6829541;-1.4967286
3;UKE45;GB;Wakefield;53.6829541;-1.4967286
0;UK;GB;Warrington;53.3899497;-2.5943178
1;UKD;GB;Warrington;53.3899497;-2.5943178
2;UKD6;GB;Warrington;53.3899497;-2.5943178
3;UKD61;GB;Warrington;53.3899497;-2.5943178
0;UK;GB;Warwick;52.2814519;-1.5815742
1;UKG;GB;Warwick;52.2814519;-1.5815742
2;UKG1;GB;Warwick;52.2814519;-1.5815742
3;UKG13;GB;Warwick;52.2814519;-1.5815742
0;UK;GB;Wirral;53.3409714;-3.0500916
1;UKD;GB;Wirral;53.3409714;-3.0500916
2;UKD7;GB;Wirral;53.3409714;-3.0500916
3;UKD74;GB;Wirral;53.3409714;-3.0500916
0;UK;GB;Worthing;50.8115402;-0.3699697
1;UKJ;GB;Worthing;50.8115402;-0.3699697
2;UKJ2;GB;Worthing;50.8115402;-0.3699697
3;UKJ27;GB;Worthing;50.8115402;-0.3699697
0;UK;GB;Wrexham;53.0465084;-2.9937869
1;UKL;GB;Wrexham;53.0465084;-2.9937869
2;UKL2;GB;Wrexham;53.0465084;-2.9937869
3;UKL23;GB;Wrexham;53.0465084;-2.9937869
0;UK;GB;York;53.9590555;-1.0815361
1;UKE;GB;York;53.9590555;-1.0815361
2;UKE2;GB;York;53.9590555;-1.0815361
3;UKE21;GB;York;53.9590555;-1.0815361
0;EL;GR;Thessaloniki;40.6403167;22.9352716
1;EL5;GR;Thessaloniki;40.6403167;22.9352716
2;EL52;GR;Thessaloniki;40.6403167;22.9352716
3;EL522;GR;Thessaloniki;40.6403167;22.9352716
0;HR;HR;Osijek;45.5548793;18.6953685
1;HR0;HR;Osijek;45.5548793;18.6953685
2;HR02;HR;Osijek;45.5548793;18.6953685
3;HR025;HR;Osijek;45.5548793;18.6953685
0;HR;HR;Rijeka;45.3271752;14.4412309
1;HR0;HR;Rijeka;45.3271752;14.4412309
2;HR03;HR;Rijeka;45.3271752;14.4412309
3;HR031;HR;Rijeka;45.3271752;14.4412309
0;HR;HR;Slavonski Brod;45.1665803;18.0121385
1;HR0;HR;Slavonski Brod;45.1665803;18.0121385
2;HR02;HR;Slavonski Brod;45.1665803;18.0121385
3;HR024;HR;Slavonski Brod;45.1665803;18.0121385
0;HR;HR;Split;43.5116383;16.4399659
1;HR0;HR;Split;43.5116383;16.4399659
2;HR03;HR;Split;43.5116383;16.4399659
3;HR035;HR;Split;43.5116383;16.4399659
0;HR;HR;Zagreb;45.84264135;15.962231476593626
1;HR0;HR;Zagreb;45.84264135;15.962231476593626
3;HR050;HR;Zagreb;45.84264135;15.962231476593626
2;HR05;HR;Zagreb;45.84264135;15.962231476593626
0;HU;HU;Budapest;47.4979937;19.0403594
1;HU1;HU;Budapest;47.4979937;19.0403594
2;HU11;HU;Budapest;47.4979937;19.0403594
3;HU110;HU;Budapest;47.4979937;19.0403594
0;HU;HU;Debrecen;47.531399;21.6259782
1;HU3;HU;Debrecen;47.531399;21.6259782
2;HU32;HU;Debrecen;47.531399;21.6259782
3;HU321;HU;Debrecen;47.531399;21.6259782
0;HU;HU;Kecskemét;46.9080791;19.6928069
1;HU3;HU;Kecskemét;46.9080791;19.6928069
2;HU33;HU;Kecskemét;46.9080791;19.6928069
3;HU331;HU;Kecskemét;46.9080791;19.6928069
0;HU;HU;Miskolc;48.1030643;20.7900429
1;HU3;HU;Miskolc;48.1030643;20.7900429
2;HU31;HU;Miskolc;48.1030643;20.7900429
3;HU311;HU;Miskolc;48.1030643;20.7900429
0;HU;HU;Nyíregyháza;47.9557802;21.7167982
1;HU3;HU;Nyíregyháza;47.9557802;21.7167982
2;HU32;HU;Nyíregyháza;47.9557802;21.7167982
3;HU323;HU;Nyíregyháza;47.9557802;21.7167982
0;HU;HU;Pécs;46.0765883;18.2280397
1;HU2;HU;Pécs;46.0765883;18.2280397
2;HU23;HU;Pécs;46.0765883;18.2280397
3;HU231;HU;Pécs;46.0765883;18.2280397
0;HU;HU;Szeged;46.2546312;20.1486016
1;HU3;HU;Szeged;46.2546312;20.1486016
2;HU33;HU;Szeged;46.2546312;20.1486016
3;HU333;HU;Szeged;46.2546312;20.1486016
0;HU;HU;Szombathely;47.2291184;16.6187625
1;HU2;HU;Szombathely;47.2291184;16.6187625
2;HU22;HU;Szombathely;47.2291184;16.6187625
3;HU222;HU;Szombathely;47.2291184;16.6187625
0;IE;IE;Cork;51.897077;-8.4654674
1;IE0;IE;Cork;51.897077;-8.4654674
2;IE05;IE;Cork;51.897077;-8.4654674
3;IE053;IE;Cork;51.897077;-8.4654674
0;IE;IE;Dublin;53.3498006;-6.2602964
1;IE0;IE;Dublin;53.3498006;-6.2602964
2;IE06;IE;Dublin;53.3498006;-6.2602964
3;IE061;IE;Dublin;53.3498006;-6.2602964
0;IE;IE;Galway;52.63232995;-8.947487586608023
1;IE0;IE;Galway;52.63232995;-8.947487586608023
2;IE05;IE;Galway;52.63232995;-8.947487586608023
3;IE051;IE;Galway;52.63232995;-8.947487586608023
0;IE;IE;Limerick;52.661252;-8.6301239
1;IE0;IE;Limerick;52.661252;-8.6301239
2;IE05;IE;Limerick;52.661252;-8.6301239
3;IE051;IE;Limerick;52.661252;-8.6301239
0;IE;IE;Waterford;52.2609997;-7.1119081
1;IE0;IE;Waterford;52.2609997;-7.1119081
2;IE05;IE;Waterford;52.2609997;-7.1119081
3;IE052;IE;Waterford;52.2609997;-7.1119081
0;IT;IT;Ancona;43.6170137;13.5170982
1;ITI;IT;Ancona;43.6170137;13.5170982
2;ITI3;IT;Ancona;43.6170137;13.5170982
3;ITI32;IT;Ancona;43.6170137;13.5170982
0;IT;IT;Asti;44.900542;8.2068876
1;ITC;IT;Asti;44.900542;8.2068876
2;ITC1;IT;Asti;44.900542;8.2068876
3;ITC17;IT;Asti;44.900542;8.2068876
0;IT;IT;Avellino;40.9141958;14.7888764
1;ITF;IT;Avellino;40.9141958;14.7888764
2;ITF3;IT;Avellino;40.9141958;14.7888764
3;ITF34;IT;Avellino;40.9141958;14.7888764
0;IT;IT;Bari;41.1257843;16.8620293
1;ITF;IT;Bari;41.1257843;16.8620293
2;ITF4;IT;Bari;41.1257843;16.8620293
3;ITF47;IT;Bari;41.1257843;16.8620293
0;IT;IT;Barletta;41.3214976;16.2868696
1;ITF;IT;Barletta;41.3214976;16.2868696
2;ITF4;IT;Barletta;41.3214976;16.2868696
3;ITF48;IT;Barletta;41.3214976;16.2868696
0;IT;IT;Benevento;41.1295587;14.7824639
1;ITF;IT;Benevento;41.1295587;14.7824639
2;ITF3;IT;Benevento;41.1295587;14.7824639
3;ITF32;IT;Benevento;41.1295587;14.7824639
0;IT;IT;Bergamo;45.6944947;9.6698727
1;ITC;IT;Bergamo;45.6944947;9.6698727
2;ITC4;IT;Bergamo;45.6944947;9.6698727
3;ITC46;IT;Bergamo;45.6944947;9.6698727
0;IT;IT;Biella;45.5664109;8.0542758
1;ITC;IT;Biella;45.5664109;8.0542758
2;ITC1;IT;Biella;45.5664109;8.0542758
3;ITC13;IT;Biella;45.5664109;8.0542758
0;IT;IT;Bologna;44.4938203;11.3426327
1;ITH;IT;Bologna;44.4938203;11.3426327
2;ITH5;IT;Bologna;44.4938203;11.3426327
3;ITH55;IT;Bologna;44.4938203;11.3426327
0;IT;IT;Bolzano;45.9709647;13.3877614
1;ITH;IT;Bolzano;45.9709647;13.3877614
2;ITH4;IT;Bolzano;45.9709647;13.3877614
3;ITH42;IT;Bolzano;45.9709647;13.3877614
0;IT;IT;Brescia;45.5398022;10.2200214
1;ITC;IT;Brescia;45.5398022;10.2200214
2;ITC4;IT;Brescia;45.5398022;10.2200214
3;ITC47;IT;Brescia;45.5398022;10.2200214
0;IT;IT;Busto Arsizio;45.6119057;8.8520522
1;ITC;IT;Busto Arsizio;45.6119057;8.8520522
2;ITC4;IT;Busto Arsizio;45.6119057;8.8520522
3;ITC41;IT;Busto Arsizio;45.6119057;8.8520522
0;IT;IT;Cagliari;39.2171994;9.113311
1;ITG;IT;Cagliari;39.2171994;9.113311
2;ITG2;IT;Cagliari;39.2171994;9.113311
3;ITG2F;IT;Cagliari;39.2171994;9.113311
0;IT;IT;Campobasso;41.5597935;14.6602725
1;ITF;IT;Campobasso;41.5597935;14.6602725
2;ITF2;IT;Campobasso;41.5597935;14.6602725
3;ITF22;IT;Campobasso;41.5597935;14.6602725
0;IT;IT;Carrara;44.0791804;10.1023532
1;ITI;IT;Carrara;44.0791804;10.1023532
2;ITI1;IT;Carrara;44.0791804;10.1023532
3;ITI11;IT;Carrara;44.0791804;10.1023532
0;IT;IT;Caserta;41.0820827;14.334708
1;ITF;IT;Caserta;41.0820827;14.334708
2;ITF3;IT;Caserta;41.0820827;14.334708
3;ITF31;IT;Caserta;41.0820827;14.334708
0;IT;IT;Catania;37.5023612;15.0873718
1;ITG;IT;Catania;37.5023612;15.0873718
2;ITG1;IT;Catania;37.5023612;15.0873718
3;ITG17;IT;Catania;37.5023612;15.0873718
0;IT;IT;Catanzaro;38.9076353;16.5960465
1;ITF;IT;Catanzaro;38.9076353;16.5960465
2;ITF6;IT;Catanzaro;38.9076353;16.5960465
3;ITF63;IT;Catanzaro;38.9076353;16.5960465
0;IT;IT;Como;45.8115623;9.0830353
1;ITC;IT;Como;45.8115623;9.0830353
2;ITC4;IT;Como;45.8115623;9.0830353
3;ITC42;IT;Como;45.8115623;9.0830353
0;IT;IT;Cosenza;39.3099931;16.2501929
1;ITF;IT;Cosenza;39.3099931;16.2501929
2;ITF6;IT;Cosenza;39.3099931;16.2501929
3;ITF61;IT;Cosenza;39.3099931;16.2501929
0;IT;IT;Cremona;45.1334796;10.0248716
1;ITC;IT;Cremona;45.1334796;10.0248716
2;ITC4;IT;Cremona;45.1334796;10.0248716
3;ITC4A;IT;Cremona;45.1334796;10.0248716
0;IT;IT;Ferrara;44.8372737;11.6186451
1;ITH;IT;Ferrara;44.8372737;11.6186451
2;ITH5;IT;Ferrara;44.8372737;11.6186451
3;ITH56;IT;Ferrara;44.8372737;11.6186451
0;IT;IT;Foggia;41.4620482;15.5432595
1;ITF;IT;Foggia;41.4620482;15.5432595
2;ITF4;IT;Foggia;41.4620482;15.5432595
3;ITF46;IT;Foggia;41.4620482;15.5432595
0;IT;IT;Forlì;44.2227278;12.041273
1;ITH;IT;Forlì;44.2227278;12.041273
2;ITH5;IT;Forlì;44.2227278;12.041273
3;ITH58;IT;Forlì;44.2227278;12.041273
0;IT;IT;La Spezia;44.11200215;9.840156327896342
1;ITC;IT;La Spezia;44.11200215;9.840156327896342
2;ITC3;IT;La Spezia;44.11200215;9.840156327896342
3;ITC34;IT;La Spezia;44.11200215;9.840156327896342
0;IT;IT;Latina;41.4672827;12.9037789
1;ITI;IT;Latina;41.4672827;12.9037789
2;ITI4;IT;Latina;41.4672827;12.9037789
3;ITI44;IT;Latina;41.4672827;12.9037789
0;IT;IT;Lecce;40.3570373;18.1718482
1;ITF;IT;Lecce;40.3570373;18.1718482
2;ITF4;IT;Lecce;40.3570373;18.1718482
3;ITF45;IT;Lecce;40.3570373;18.1718482
0;IT;IT;Lecco;45.8553764;9.389605
1;ITC;IT;Lecco;45.8553764;9.389605
2;ITC4;IT;Lecco;45.8553764;9.389605
3;ITC43;IT;Lecco;45.8553764;9.389605
0;IT;IT;Livorno;43.5507317;10.3091256
1;ITI;IT;Livorno;43.5507317;10.3091256
2;ITI1;IT;Livorno;43.5507317;10.3091256
3;ITI16;IT;Livorno;43.5507317;10.3091256
0;IT;IT;Massa;44.0359323;10.1395519
1;ITI;IT;Massa;44.0359323;10.1395519
2;ITI1;IT;Massa;44.0359323;10.1395519
3;ITI11;IT;Massa;44.0359323;10.1395519
0;IT;IT;Messina;38.1937571;15.5542082
1;ITG;IT;Messina;38.1937571;15.5542082
2;ITG1;IT;Messina;38.1937571;15.5542082
3;ITG13;IT;Messina;38.1937571;15.5542082
0;IT;IT;Milano;42.7823859;12.5980599
1;ITI;IT;Milano;42.7823859;12.5980599
2;ITI2;IT;Milano;42.7823859;12.5980599
3;ITI21;IT;Milano;42.7823859;12.5980599
0;IT;IT;Modena;44.6458885;10.9255707
1;ITH;IT;Modena;44.6458885;10.9255707
2;ITH5;IT;Modena;44.6458885;10.9255707
3;ITH54;IT;Modena;44.6458885;10.9255707
0;IT;IT;Novara;45.4464036;8.619655
1;ITC;IT;Novara;45.4464036;8.619655
2;ITC1;IT;Novara;45.4464036;8.619655
3;ITC15;IT;Novara;45.4464036;8.619655
0;IT;IT;Padova;45.50193505;9.230626210500741
1;ITC;IT;Padova;45.50193505;9.230626210500741
2;ITC4;IT;Padova;45.50193505;9.230626210500741
3;ITC4C;IT;Padova;45.50193505;9.230626210500741
0;IT;IT;Palermo;38.1112268;13.3524434
1;ITG;IT;Palermo;38.1112268;13.3524434
2;ITG1;IT;Palermo;38.1112268;13.3524434
3;ITG12;IT;Palermo;38.1112268;13.3524434
0;IT;IT;Parma;44.8013678;10.3280833
1;ITH;IT;Parma;44.8013678;10.3280833
2;ITH5;IT;Parma;44.8013678;10.3280833
3;ITH52;IT;Parma;44.8013678;10.3280833
0;IT;IT;Pavia;45.1860043;9.1546375
1;ITC;IT;Pavia;45.1860043;9.1546375
2;ITC4;IT;Pavia;45.1860043;9.1546375
3;ITC48;IT;Pavia;45.1860043;9.1546375
0;IT;IT;Perugia;43.1119613;12.3890104
1;ITI;IT;Perugia;43.1119613;12.3890104
2;ITI2;IT;Perugia;43.1119613;12.3890104
3;ITI21;IT;Perugia;43.1119613;12.3890104
0;IT;IT;Pesaro;43.9098114;12.9131228
1;ITI;IT;Pesaro;43.9098114;12.9131228
2;ITI3;IT;Pesaro;43.9098114;12.9131228
3;ITI31;IT;Pesaro;43.9098114;12.9131228
0;IT;IT;Pescara;42.469613;14.2059269
1;ITF;IT;Pescara;42.469613;14.2059269
2;ITF1;IT;Pescara;42.469613;14.2059269
3;ITF13;IT;Pescara;42.469613;14.2059269
0;IT;IT;Piacenza;45.0534751;9.6947461
1;ITH;IT;Piacenza;45.0534751;9.6947461
2;ITH5;IT;Piacenza;45.0534751;9.6947461
3;ITH51;IT;Piacenza;45.0534751;9.6947461
0;IT;IT;Pisa;43.7159395;10.4018624
1;ITI;IT;Pisa;43.7159395;10.4018624
2;ITI1;IT;Pisa;43.7159395;10.4018624
3;ITI17;IT;Pisa;43.7159395;10.4018624
0;IT;IT;Pordenone;45.9562503;12.6597197
1;ITH;IT;Pordenone;45.9562503;12.6597197
2;ITH4;IT;Pordenone;45.9562503;12.6597197
3;ITH41;IT;Pordenone;45.9562503;12.6597197
0;IT;IT;Potenza;40.6384046;15.8022077
1;ITF;IT;Potenza;40.6384046;15.8022077
2;ITF5;IT;Potenza;40.6384046;15.8022077
3;ITF51;IT;Potenza;40.6384046;15.8022077
0;IT;IT;Prato;43.880598;11.0969262
1;ITI;IT;Prato;43.880598;11.0969262
2;ITI1;IT;Prato;43.880598;11.0969262
3;ITI15;IT;Prato;43.880598;11.0969262
0;IT;IT;Ravenna;44.4161414;12.2017617
1;ITH;IT;Ravenna;44.4161414;12.2017617
2;ITH5;IT;Ravenna;44.4161414;12.2017617
3;ITH57;IT;Ravenna;44.4161414;12.2017617
0;IT;IT;Reggio nell'Emilia;44.6978389;10.6304971
1;ITH;IT;Reggio nell'Emilia;44.6978389;10.6304971
2;ITH5;IT;Reggio nell'Emilia;44.6978389;10.6304971
3;ITH53;IT;Reggio nell'Emilia;44.6978389;10.6304971
0;IT;IT;Rimini;44.0593886;12.5684371
1;ITH;IT;Rimini;44.0593886;12.5684371
2;ITH5;IT;Rimini;44.0593886;12.5684371
3;ITH59;IT;Rimini;44.0593886;12.5684371
0;IT;IT;Roma;45.6135726;8.1967979
1;ITC;IT;Roma;45.6135726;8.1967979
2;ITC1;IT;Roma;45.6135726;8.1967979
3;ITC13;IT;Roma;45.6135726;8.1967979
0;IT;IT;Salerno;40.6803601;14.7594542
1;ITF;IT;Salerno;40.6803601;14.7594542
2;ITF3;IT;Salerno;40.6803601;14.7594542
3;ITF35;IT;Salerno;40.6803601;14.7594542
0;IT;IT;Sanremo;43.8198253;7.7748827
1;ITC;IT;Sanremo;43.8198253;7.7748827
2;ITC3;IT;Sanremo;43.8198253;7.7748827
3;ITC31;IT;Sanremo;43.8198253;7.7748827
0;IT;IT;Sassari;40.7232643;8.5610074
1;ITG;IT;Sassari;40.7232643;8.5610074
2;ITG2;IT;Sassari;40.7232643;8.5610074
3;ITG2D;IT;Sassari;40.7232643;8.5610074
0;IT;IT;Savona;44.3080251;8.4810315
1;ITC;IT;Savona;44.3080251;8.4810315
2;ITC3;IT;Savona;44.3080251;8.4810315
3;ITC32;IT;Savona;44.3080251;8.4810315
0;IT;IT;Taranto;40.4712427;17.2432278
1;ITF;IT;Taranto;40.4712427;17.2432278
2;ITF4;IT;Taranto;40.4712427;17.2432278
3;ITF43;IT;Taranto;40.4712427;17.2432278
0;IT;IT;Terni;42.5641417;12.6405466
1;ITI;IT;Terni;42.5641417;12.6405466
2;ITI2;IT;Terni;42.5641417;12.6405466
3;ITI22;IT;Terni;42.5641417;12.6405466
0;IT;IT;Torino;44.8887854;11.991409
1;ITH;IT;Torino;44.8887854;11.991409
2;ITH5;IT;Torino;44.8887854;11.991409
3;ITH56;IT;Torino;44.8887854;11.991409
0;IT;IT;Trento;46.0664228;11.1257601
1;ITH;IT;Trento;46.0664228;11.1257601
2;ITH2;IT;Trento;46.0664228;11.1257601
3;ITH20;IT;Trento;46.0664228;11.1257601
0;IT;IT;Treviso;45.6658505;12.2455414
1;ITH;IT;Treviso;45.6658505;12.2455414
2;ITH3;IT;Treviso;45.6658505;12.2455414
3;ITH34;IT;Treviso;45.6658505;12.2455414
0;IT;IT;Trieste;45.6496485;13.7772781
1;ITH;IT;Trieste;45.6496485;13.7772781
2;ITH4;IT;Trieste;45.6496485;13.7772781
3;ITH44;IT;Trieste;45.6496485;13.7772781
0;IT;IT;Udine;46.0634632;13.2358377
1;ITH;IT;Udine;46.0634632;13.2358377
2;ITH4;IT;Udine;46.0634632;13.2358377
3;ITH42;IT;Udine;46.0634632;13.2358377
0;IT;IT;Varese;45.817549;8.8263532
1;ITC;IT;Varese;45.817549;8.8263532
2;ITC4;IT;Varese;45.817549;8.8263532
3;ITC41;IT;Varese;45.817549;8.8263532
0;IT;IT;Venezia;45.43699085;12.336084199479028
1;ITH;IT;Venezia;45.43699085;12.336084199479028
2;ITH3;IT;Venezia;45.43699085;12.336084199479028
3;ITH35;IT;Venezia;45.43699085;12.336084199479028
0;IT;IT;Verona;45.4384958;10.9924122
1;ITH;IT;Verona;45.4384958;10.9924122
2;ITH3;IT;Verona;45.4384958;10.9924122
3;ITH31;IT;Verona;45.4384958;10.9924122
0;IT;IT;Viareggio;43.8672392;10.2506055
1;ITI;IT;Viareggio;43.8672392;10.2506055
2;ITI1;IT;Viareggio;43.8672392;10.2506055
3;ITI12;IT;Viareggio;43.8672392;10.2506055
0;IT;IT;Vicenza;45.5488306;11.5478825
1;ITH;IT;Vicenza;45.5488306;11.5478825
2;ITH3;IT;Vicenza;45.5488306;11.5478825
3;ITH32;IT;Vicenza;45.5488306;11.5478825
0;IT;IT;Vigevano;45.3170942;8.858603
1;ITC;IT;Vigevano;45.3170942;8.858603
2;ITC4;IT;Vigevano;45.3170942;8.858603
3;ITC48;IT;Vigevano;45.3170942;8.858603
0;LT;LT;Kaunas;54.8982139;23.9044817
1;LT0;LT;Kaunas;54.8982139;23.9044817
2;LT02;LT;Kaunas;54.8982139;23.9044817
3;LT022;LT;Kaunas;54.8982139;23.9044817
0;LT;LT;Šiauliai;55.9340823;23.3157775
1;LT0;LT;Šiauliai;55.9340823;23.3157775
2;LT02;LT;Šiauliai;55.9340823;23.3157775
3;LT026;LT;Šiauliai;55.9340823;23.3157775
0;LT;LT;Vilnius;54.6870458;25.2829111
1;LT0;LT;Vilnius;54.6870458;25.2829111
2;LT01;LT;Vilnius;54.6870458;25.2829111
3;LT011;LT;Vilnius;54.6870458;25.2829111
0;LU;LU;Luxembourg;49.6112768;6.129799
1;LU0;LU;Luxembourg;49.6112768;6.129799
2;LU00;LU;Luxembourg;49.6112768;6.129799
3;LU000;LU;Luxembourg;49.6112768;6.129799
0;LV;LV;Liepaja;56.5048435;21.0070903
1;LV0;LV;Liepaja;56.5048435;21.0070903
2;LV00;LV;Liepaja;56.5048435;21.0070903
3;LV003;LV;Liepaja;56.5048435;21.0070903
0;LV;LV;Riga;56.9493977;24.1051846
1;LV0;LV;Riga;56.9493977;24.1051846
2;LV00;LV;Riga;56.9493977;24.1051846
3;LV006;LV;Riga;56.9493977;24.1051846
0;MT;MT;Valletta;35.8989818;14.5136759
1;MT0;MT;Valletta;35.8989818;14.5136759
2;MT00;MT;Valletta;35.8989818;14.5136759
3;MT001;MT;Valletta;35.8989818;14.5136759
0;NL;NL;Amsterdam;52.3727598;4.8936041
1;NL3;NL;Amsterdam;52.3727598;4.8936041
2;NL32;NL;Amsterdam;52.3727598;4.8936041
3;NL329;NL;Amsterdam;52.3727598;4.8936041
0;NL;NL;Apeldoorn;52.17957375;5.930077460807249
1;NL2;NL;Apeldoorn;52.17957375;5.930077460807249
2;NL22;NL;Apeldoorn;52.17957375;5.930077460807249
3;NL221;NL;Apeldoorn;52.17957375;5.930077460807249
0;NL;NL;Breda;51.5887845;4.7760237
1;NL4;NL;Breda;51.5887845;4.7760237
2;NL41;NL;Breda;51.5887845;4.7760237
3;NL411;NL;Breda;51.5887845;4.7760237
0;NL;NL;Dordrecht;51.7958812;4.6779351
1;NL3;NL;Dordrecht;51.7958812;4.6779351
2;NL33;NL;Dordrecht;51.7958812;4.6779351
3;NL33A;NL;Dordrecht;51.7958812;4.6779351
0;NL;NL;Eindhoven;51.4392648;5.478633
1;NL4;NL;Eindhoven;51.4392648;5.478633
2;NL41;NL;Eindhoven;51.4392648;5.478633
3;NL414;NL;Eindhoven;51.4392648;5.478633
0;NL;NL;Enschede;52.2209855;6.8940537
1;NL2;NL;Enschede;52.2209855;6.8940537
2;NL21;NL;Enschede;52.2209855;6.8940537
3;NL213;NL;Enschede;52.2209855;6.8940537
0;NL;NL;Groningen;53.2190652;6.5680077
1;NL1;NL;Groningen;53.2190652;6.5680077
2;NL11;NL;Groningen;53.2190652;6.5680077
3;NL113;NL;Groningen;53.2190652;6.5680077
0;NL;NL;Haarlem;52.383705750000004;4.643559696559635
1;NL3;NL;Haarlem;52.383705750000004;4.643559696559635
2;NL32;NL;Haarlem;52.383705750000004;4.643559696559635
3;NL324;NL;Haarlem;52.383705750000004;4.643559696559635
0;NL;NL;Heerlen;50.8876735;5.9773285
1;NL4;NL;Heerlen;50.8876735;5.9773285
2;NL42;NL;Heerlen;50.8876735;5.9773285
3;NL423;NL;Heerlen;50.8876735;5.9773285
0;NL;NL;Hilversum;52.2241375;5.1719396
1;NL3;NL;Hilversum;52.2241375;5.1719396
2;NL32;NL;Hilversum;52.2241375;5.1719396
3;NL327;NL;Hilversum;52.2241375;5.1719396
0;NL;NL;Leiden;52.1594747;4.4908843
1;NL3;NL;Leiden;52.1594747;4.4908843
2;NL33;NL;Leiden;52.1594747;4.4908843
3;NL337;NL;Leiden;52.1594747;4.4908843
0;NL;NL;Nijmegen;51.842574850000005;5.838960628748229
1;NL2;NL;Nijmegen;51.842574850000005;5.838960628748229
2;NL22;NL;Nijmegen;51.842574850000005;5.838960628748229
3;NL226;NL;Nijmegen;51.842574850000005;5.838960628748229
0;NL;NL;Rotterdam;51.9244424;4.47775
1;NL3;NL;Rotterdam;51.9244424;4.47775
2;NL33;NL;Rotterdam;51.9244424;4.47775
3;NL33C;NL;Rotterdam;51.9244424;4.47775
0;NL;NL;Utrecht;52.080985600000005;5.12768396945229
1;NL3;NL;Utrecht;52.080985600000005;5.12768396945229
2;NL31;NL;Utrecht;52.080985600000005;5.12768396945229
3;NL310;NL;Utrecht;52.080985600000005;5.12768396945229
0;NO;NO;Bergen;60.3943055;5.3259192
3;NO0A2;NO;Bergen;60.3943055;5.3259192
2;NO0A;NO;Bergen;60.3943055;5.3259192
1;NO0;NO;Bergen;60.3943055;5.3259192
0;NO;NO;Oslo;59.9133301;10.7389701
3;NO081;NO;Oslo;59.9133301;10.7389701
2;NO08;NO;Oslo;59.9133301;10.7389701
1;NO0;NO;Oslo;59.9133301;10.7389701
0;NO;NO;Stavanger;58.9699509;5.7318061
3;NO0A1;NO;Stavanger;58.9699509;5.7318061
2;NO0A;NO;Stavanger;58.9699509;5.7318061
1;NO0;NO;Stavanger;58.9699509;5.7318061
0;NO;NO;Tromsø;69.651648;18.9558186
3;NO074;NO;Tromsø;69.651648;18.9558186
2;NO07;NO;Tromsø;69.651648;18.9558186
1;NO0;NO;Tromsø;69.651648;18.9558186
0;NO;NO;Trondheim;63.4305658;10.3951929
3;NO060;NO;Trondheim;63.4305658;10.3951929
2;NO06;NO;Trondheim;63.4305658;10.3951929
1;NO0;NO;Trondheim;63.4305658;10.3951929
0;PL;PL;Bydgoszcz;53.1219648;18.0002529
1;PL6;PL;Bydgoszcz;53.1219648;18.0002529
2;PL61;PL;Bydgoszcz;53.1219648;18.0002529
3;PL613;PL;Bydgoszcz;53.1219648;18.0002529
0;PL;PL;Elk;53.82395835;22.361915871120694
1;PL6;PL;Elk;53.82395835;22.361915871120694
2;PL62;PL;Elk;53.82395835;22.361915871120694
3;PL623;PL;Elk;53.82395835;22.361915871120694
0;PL;PL;Gdansk;54.3706858;18.61298210330077
1;PL6;PL;Gdansk;54.3706858;18.61298210330077
2;PL63;PL;Gdansk;54.3706858;18.61298210330077
3;PL633;PL;Gdansk;54.3706858;18.61298210330077
0;PL;PL;Gdynia;54.5164982;18.5402738
1;PL6;PL;Gdynia;54.5164982;18.5402738
2;PL63;PL;Gdynia;54.5164982;18.5402738
3;PL633;PL;Gdynia;54.5164982;18.5402738
0;PL;PL;Gniezno;52.52465015;17.598152438162245
1;PL4;PL;Gniezno;52.52465015;17.598152438162245
2;PL41;PL;Gniezno;52.52465015;17.598152438162245
3;PL414;PL;Gniezno;52.52465015;17.598152438162245
0;PL;PL;Gorzów Wielkopolski;52.7309926;15.2400451
1;PL4;PL;Gorzów Wielkopolski;52.7309926;15.2400451
2;PL43;PL;Gorzów Wielkopolski;52.7309926;15.2400451
3;PL431;PL;Gorzów Wielkopolski;52.7309926;15.2400451
0;PL;PL;Jelenia Góra;50.9031028;15.7344306
1;PL5;PL;Jelenia Góra;50.9031028;15.7344306
2;PL51;PL;Jelenia Góra;50.9031028;15.7344306
3;PL515;PL;Jelenia Góra;50.9031028;15.7344306
0;PL;PL;Kalisz;51.74736505;18.079590087700034
1;PL4;PL;Kalisz;51.74736505;18.079590087700034
2;PL41;PL;Kalisz;51.74736505;18.079590087700034
3;PL416;PL;Kalisz;51.74736505;18.079590087700034
0;PL;PL;Kielce;50.85403585;20.609914352101452
1;PL7;PL;Kielce;50.85403585;20.609914352101452
2;PL72;PL;Kielce;50.85403585;20.609914352101452
3;PL721;PL;Kielce;50.85403585;20.609914352101452
0;PL;PL;Konin;52.2301933;18.2521112
1;PL4;PL;Konin;52.2301933;18.2521112
2;PL41;PL;Konin;52.2301933;18.2521112
3;PL414;PL;Konin;52.2301933;18.2521112
0;PL;PL;Koszalin;54.19092;16.17707
1;PL4;PL;Koszalin;54.19092;16.17707
2;PL42;PL;Koszalin;54.19092;16.17707
3;PL426;PL;Koszalin;54.19092;16.17707
0;PL;PL;Kraków;52.3511111;19.9441667
1;PL9;PL;Kraków;52.3511111;19.9441667
2;PL92;PL;Kraków;52.3511111;19.9441667
3;PL923;PL;Kraków;52.3511111;19.9441667
0;PL;PL;Legnica;51.204768900000005;16.174675034638256
1;PL5;PL;Legnica;51.204768900000005;16.174675034638256
2;PL51;PL;Legnica;51.204768900000005;16.174675034638256
3;PL516;PL;Legnica;51.204768900000005;16.174675034638256
0;PL;PL;Leszno;51.8436068;16.58042182076424
1;PL4;PL;Leszno;51.8436068;16.58042182076424
2;PL41;PL;Leszno;51.8436068;16.58042182076424
3;PL417;PL;Leszno;51.8436068;16.58042182076424
0;PL;PL;Lubin;51.399678300000005;16.1993379441299
1;PL5;PL;Lubin;51.399678300000005;16.1993379441299
2;PL51;PL;Lubin;51.399678300000005;16.1993379441299
3;PL516;PL;Lubin;51.399678300000005;16.1993379441299
0;PL;PL;Lublin;51.250559;22.5701022
1;PL8;PL;Lublin;51.250559;22.5701022
2;PL81;PL;Lublin;51.250559;22.5701022
3;PL814;PL;Lublin;51.250559;22.5701022
0;PL;PL;Olsztyn;53.7767239;20.477780523409734
1;PL6;PL;Olsztyn;53.7767239;20.477780523409734
2;PL62;PL;Olsztyn;53.7767239;20.477780523409734
3;PL622;PL;Olsztyn;53.7767239;20.477780523409734
0;PL;PL;Opole;50.678792900000005;17.929884436033525
1;PL5;PL;Opole;50.678792900000005;17.929884436033525
2;PL52;PL;Opole;50.678792900000005;17.929884436033525
3;PL524;PL;Opole;50.678792900000005;17.929884436033525
0;PL;PL;Ostrów Wielkopolski;51.6471864;17.80376070395092
1;PL4;PL;Ostrów Wielkopolski;51.6471864;17.80376070395092
2;PL41;PL;Ostrów Wielkopolski;51.6471864;17.80376070395092
3;PL416;PL;Ostrów Wielkopolski;51.6471864;17.80376070395092
0;PL;PL;Pabianice;51.6662312;19.35925466859993
1;PL7;PL;Pabianice;51.6662312;19.35925466859993
2;PL71;PL;Pabianice;51.6662312;19.35925466859993
3;PL712;PL;Pabianice;51.6662312;19.35925466859993
0;PL;PL;Pila;53.1511324;16.7380343
1;PL4;PL;Pila;53.1511324;16.7380343
2;PL41;PL;Pila;53.1511324;16.7380343
3;PL411;PL;Pila;53.1511324;16.7380343
0;PL;PL;Piotrków Trybunalski;51.412853999999996;19.6886837487098
1;PL7;PL;Piotrków Trybunalski;51.412853999999996;19.6886837487098
2;PL71;PL;Piotrków Trybunalski;51.412853999999996;19.6886837487098
3;PL713;PL;Piotrków Trybunalski;51.412853999999996;19.6886837487098
0;PL;PL;Radom;51.4022557;21.1541546
1;PL9;PL;Radom;51.4022557;21.1541546
2;PL92;PL;Radom;51.4022557;21.1541546
3;PL921;PL;Radom;51.4022557;21.1541546
0;PL;PL;Rybnik;50.0955793;18.5419933
1;PL2;PL;Rybnik;50.0955793;18.5419933
2;PL22;PL;Rybnik;50.0955793;18.5419933
3;PL227;PL;Rybnik;50.0955793;18.5419933
0;PL;PL;Rzeszów;50.0374531;22.0047174
1;PL8;PL;Rzeszów;50.0374531;22.0047174
2;PL82;PL;Rzeszów;50.0374531;22.0047174
3;PL823;PL;Rzeszów;50.0374531;22.0047174
0;PL;PL;Siedlce;52.161593800000006;22.281253302988254
1;PL9;PL;Siedlce;52.161593800000006;22.281253302988254
2;PL92;PL;Siedlce;52.161593800000006;22.281253302988254
3;PL925;PL;Siedlce;52.161593800000006;22.281253302988254
0;PL;PL;Stalowa Wola;50.5653105;22.0644075
1;PL8;PL;Stalowa Wola;50.5653105;22.0644075
2;PL82;PL;Stalowa Wola;50.5653105;22.0644075
3;PL824;PL;Stalowa Wola;50.5653105;22.0644075
0;PL;PL;Szczecin;53.4301818;14.5509623
1;PL4;PL;Szczecin;53.4301818;14.5509623
2;PL42;PL;Szczecin;53.4301818;14.5509623
3;PL424;PL;Szczecin;53.4301818;14.5509623
0;PL;PL;Tarnów;50.025988299999995;20.96405842696229
1;PL2;PL;Tarnów;50.025988299999995;20.96405842696229
2;PL21;PL;Tarnów;50.025988299999995;20.96405842696229
3;PL217;PL;Tarnów;50.025988299999995;20.96405842696229
0;PL;PL;Tczew;54.09087615;18.77794352885673
1;PL6;PL;Tczew;54.09087615;18.77794352885673
2;PL63;PL;Tczew;54.09087615;18.77794352885673
3;PL638;PL;Tczew;54.09087615;18.77794352885673
0;PL;PL;Tomaszów Mazowiecki;51.5194865;20.033759067449843
1;PL7;PL;Tomaszów Mazowiecki;51.5194865;20.033759067449843
2;PL71;PL;Tomaszów Mazowiecki;51.5194865;20.033759067449843
3;PL713;PL;Tomaszów Mazowiecki;51.5194865;20.033759067449843
0;PL;PL;Warszawa;52.695614;16.3655487
1;PL4;PL;Warszawa;52.695614;16.3655487
2;PL41;PL;Warszawa;52.695614;16.3655487
3;PL418;PL;Warszawa;52.695614;16.3655487
0;PL;PL;Zgierz;51.8555209;19.390634827153598
1;PL7;PL;Zgierz;51.8555209;19.390634827153598
2;PL71;PL;Zgierz;51.8555209;19.390634827153598
3;PL712;PL;Zgierz;51.8555209;19.390634827153598
0;PL;PL;Zielona Góra;51.9383777;15.5050408
1;PL4;PL;Zielona Góra;51.9383777;15.5050408
2;PL43;PL;Zielona Góra;51.9383777;15.5050408
3;PL432;PL;Zielona Góra;51.9383777;15.5050408
0;PL;PL;Zory;53.2986111;23.2786112
1;PL8;PL;Zory;53.2986111;23.2786112
2;PL84;PL;Zory;53.2986111;23.2786112
3;PL841;PL;Zory;53.2986111;23.2786112
0;PT;PT;Aveiro;40.640496;-8.6537841
1;PT1;PT;Aveiro;40.640496;-8.6537841
2;PT16;PT;Aveiro;40.640496;-8.6537841
3;PT16D;PT;Aveiro;40.640496;-8.6537841
0;PT;PT;Braga;41.5510583;-8.4280045
1;PT1;PT;Braga;41.5510583;-8.4280045
2;PT11;PT;Braga;41.5510583;-8.4280045
3;PT112;PT;Braga;41.5510583;-8.4280045
0;PT;PT;Coimbra;40.2111931;-8.4294632
1;PT1;PT;Coimbra;40.2111931;-8.4294632
2;PT16;PT;Coimbra;40.2111931;-8.4294632
3;PT16E;PT;Coimbra;40.2111931;-8.4294632
0;PT;PT;Faro;37.0162727;-7.9351771
1;PT1;PT;Faro;37.0162727;-7.9351771
2;PT15;PT;Faro;37.0162727;-7.9351771
3;PT150;PT;Faro;37.0162727;-7.9351771
0;PT;PT;Funchal;32.6496497;-16.9086783
1;PT3;PT;Funchal;32.6496497;-16.9086783
2;PT30;PT;Funchal;32.6496497;-16.9086783
3;PT300;PT;Funchal;32.6496497;-16.9086783
0;PT;PT;Guimarães;41.4417677;-8.2955712
1;PT1;PT;Guimarães;41.4417677;-8.2955712
2;PT11;PT;Guimarães;41.4417677;-8.2955712
3;PT119;PT;Guimarães;41.4417677;-8.2955712
0;PT;PT;Paredes;41.2123637;-8.347580212435714
1;PT1;PT;Paredes;41.2123637;-8.347580212435714
2;PT11;PT;Paredes;41.2123637;-8.347580212435714
3;PT11A;PT;Paredes;41.2123637;-8.347580212435714
0;PT;PT;Porto;41.1494512;-8.6107884
1;PT1;PT;Porto;41.1494512;-8.6107884
2;PT11;PT;Porto;41.1494512;-8.6107884
3;PT11A;PT;Porto;41.1494512;-8.6107884
0;PT;PT;Setúbal;38.5241783;-8.8932341
1;PT1;PT;Setúbal;38.5241783;-8.8932341
2;PT17;PT;Setúbal;38.5241783;-8.8932341
3;PT170;PT;Setúbal;38.5241783;-8.8932341
0;PT;PT;Sintra;38.83554455;-9.352237113314317
1;PT1;PT;Sintra;38.83554455;-9.352237113314317
2;PT17;PT;Sintra;38.83554455;-9.352237113314317
3;PT170;PT;Sintra;38.83554455;-9.352237113314317
0;RO;RO;Alba Iulia;46.0713439;23.57207875207549
1;RO1;RO;Alba Iulia;46.0713439;23.57207875207549
2;RO12;RO;Alba Iulia;46.0713439;23.57207875207549
3;RO121;RO;Alba Iulia;46.0713439;23.57207875207549
0;RO;RO;Arad;46.1753793;21.3196342
1;RO4;RO;Arad;46.1753793;21.3196342
2;RO42;RO;Arad;46.1753793;21.3196342
3;RO421;RO;Arad;46.1753793;21.3196342
0;RO;RO;Baia Mare;47.6775425;23.620772353105927
1;RO1;RO;Baia Mare;47.6775425;23.620772353105927
2;RO11;RO;Baia Mare;47.6775425;23.620772353105927
3;RO114;RO;Baia Mare;47.6775425;23.620772353105927
0;RO;RO;Brasov;45.6523093;25.6102746
1;RO1;RO;Brasov;45.6523093;25.6102746
2;RO12;RO;Brasov;45.6523093;25.6102746
3;RO122;RO;Brasov;45.6523093;25.6102746
0;RO;RO;Cluj-Napoca;46.769379;23.5899542
1;RO1;RO;Cluj-Napoca;46.769379;23.5899542
2;RO11;RO;Cluj-Napoca;46.769379;23.5899542
3;RO113;RO;Cluj-Napoca;46.769379;23.5899542
0;RO;RO;Craiova;44.3190159;23.7965614
1;RO4;RO;Craiova;44.3190159;23.7965614
2;RO41;RO;Craiova;44.3190159;23.7965614
3;RO411;RO;Craiova;44.3190159;23.7965614
0;RO;RO;Giurgiu;43.8959058;25.9658111
1;RO3;RO;Giurgiu;43.8959058;25.9658111
2;RO31;RO;Giurgiu;43.8959058;25.9658111
3;RO314;RO;Giurgiu;43.8959058;25.9658111
0;RO;RO;Oradea;47.058715;21.927919041661156
1;RO1;RO;Oradea;47.058715;21.927919041661156
2;RO11;RO;Oradea;47.058715;21.927919041661156
3;RO111;RO;Oradea;47.058715;21.927919041661156
0;RO;RO;Râmnicu Vâlcea;45.1031731;24.3647209
1;RO4;RO;Râmnicu Vâlcea;45.1031731;24.3647209
2;RO41;RO;Râmnicu Vâlcea;45.1031731;24.3647209
3;RO415;RO;Râmnicu Vâlcea;45.1031731;24.3647209
0;RO;RO;Satu Mare;47.7891763;22.8725598
1;RO1;RO;Satu Mare;47.7891763;22.8725598
2;RO11;RO;Satu Mare;47.7891763;22.8725598
3;RO115;RO;Satu Mare;47.7891763;22.8725598
0;RO;RO;Sibiu;45.7973912;24.1519202
1;RO1;RO;Sibiu;45.7973912;24.1519202
2;RO12;RO;Sibiu;45.7973912;24.1519202
3;RO126;RO;Sibiu;45.7973912;24.1519202
0;RO;RO;Suceava;47.647001;26.2522599
1;RO2;RO;Suceava;47.647001;26.2522599
2;RO21;RO;Suceava;47.647001;26.2522599
3;RO215;RO;Suceava;47.647001;26.2522599
0;RO;RO;Tulcea;45.177518;28.8016348
1;RO2;RO;Tulcea;45.177518;28.8016348
2;RO22;RO;Tulcea;45.177518;28.8016348
3;RO225;RO;Tulcea;45.177518;28.8016348
0;SE;SE;Borås;57.7210839;12.9407407
1;SE2;SE;Borås;57.7210839;12.9407407
2;SE23;SE;Borås;57.7210839;12.9407407
3;SE232;SE;Borås;57.7210839;12.9407407
0;SE;SE;Göteborg;64.0618108;20.2265059
1;SE3;SE;Göteborg;64.0618108;20.2265059
2;SE33;SE;Göteborg;64.0618108;20.2265059
3;SE331;SE;Göteborg;64.0618108;20.2265059
0;SE;SE;Helsingborg;56.0442098;12.703706
1;SE2;SE;Helsingborg;56.0442098;12.703706
2;SE22;SE;Helsingborg;56.0442098;12.703706
3;SE224;SE;Helsingborg;56.0442098;12.703706
0;SE;SE;Jönköping;57.7825634;14.165719
1;SE2;SE;Jönköping;57.7825634;14.165719
2;SE21;SE;Jönköping;57.7825634;14.165719
3;SE211;SE;Jönköping;57.7825634;14.165719
0;SE;SE;Linköping;58.4098135;15.6245252
1;SE1;SE;Linköping;58.4098135;15.6245252
2;SE12;SE;Linköping;58.4098135;15.6245252
3;SE123;SE;Linköping;58.4098135;15.6245252
0;SE;SE;Malmö;56.754515999999995;15.130697304882187
1;SE2;SE;Malmö;56.754515999999995;15.130697304882187
2;SE21;SE;Malmö;56.754515999999995;15.130697304882187
3;SE212;SE;Malmö;56.754515999999995;15.130697304882187
0;SE;SE;Norrköping;58.5909124;16.1903511
1;SE1;SE;Norrköping;58.5909124;16.1903511
2;SE12;SE;Norrköping;58.5909124;16.1903511
3;SE123;SE;Norrköping;58.5909124;16.1903511
0;SE;SE;Örebro;59.2747287;15.2151181
1;SE1;SE;Örebro;59.2747287;15.2151181
2;SE12;SE;Örebro;59.2747287;15.2151181
3;SE124;SE;Örebro;59.2747287;15.2151181
0;SE;SE;Stockholm;59.3251172;18.0710935
1;SE1;SE;Stockholm;59.3251172;18.0710935
2;SE11;SE;Stockholm;59.3251172;18.0710935
3;SE110;SE;Stockholm;59.3251172;18.0710935
0;SE;SE;Uppsala;59.8586126;17.6387436
1;SE1;SE;Uppsala;59.8586126;17.6387436
2;SE12;SE;Uppsala;59.8586126;17.6387436
3;SE121;SE;Uppsala;59.8586126;17.6387436
0;SE;SE;Västerås;59.6110992;16.5463679
1;SE1;SE;Västerås;59.6110992;16.5463679
2;SE12;SE;Västerås;59.6110992;16.5463679
3;SE125;SE;Västerås;59.6110992;16.5463679
0;SI;SI;Ljubljana;46.0500268;14.5069289
1;SI0;SI;Ljubljana;46.0500268;14.5069289
2;SI04;SI;Ljubljana;46.0500268;14.5069289
3;SI041;SI;Ljubljana;46.0500268;14.5069289
0;SI;SI;Maribor;46.5576439;15.6455854
1;SI0;SI;Maribor;46.5576439;15.6455854
2;SI03;SI;Maribor;46.5576439;15.6455854
3;SI032;SI;Maribor;46.5576439;15.6455854
0;SK;SK;Banská Bystrica;48.7384028;19.1573494
1;SK0;SK;Banská Bystrica;48.7384028;19.1573494
2;SK03;SK;Banská Bystrica;48.7384028;19.1573494
3;SK032;SK;Banská Bystrica;48.7384028;19.1573494
0;SK;SK;Bratislava;48.1435149;17.108279
1;SK0;SK;Bratislava;48.1435149;17.108279
2;SK01;SK;Bratislava;48.1435149;17.108279
3;SK010;SK;Bratislava;48.1435149;17.108279
0;SK;SK;Košice;48.7172272;21.2496774
1;SK0;SK;Košice;48.7172272;21.2496774
2;SK04;SK;Košice;48.7172272;21.2496774
3;SK042;SK;Košice;48.7172272;21.2496774
0;SK;SK;Prešov;49.0000074;21.2392122
1;SK0;SK;Prešov;49.0000074;21.2392122
2;SK04;SK;Prešov;49.0000074;21.2392122
3;SK041;SK;Prešov;49.0000074;21.2392122
0;SK;SK;Trnava;48.3767652;17.5858175
1;SK0;SK;Trnava;48.3767652;17.5858175
2;SK02;SK;Trnava;48.3767652;17.5858175
3;SK021;SK;Trnava;48.3767652;17.5858175
0;SK;SK;Žilina;49.2234674;18.7393139
1;SK0;SK;Žilina;49.2234674;18.7393139
2;SK03;SK;Žilina;49.2234674;18.7393139
3;SK031;SK;Žilina;49.2234674;18.7393139
